Year,Site,Stage,Trapping_start,Trapping_end,Count,Quantile,yday
2014,1a,nymph,97,346,23,Q1,97
2014,1a,nymph,97,346,23,Q5,97
2014,1a,nymph,97,346,23,Q10,104.8
2014,1a,nymph,97,346,23,Q25,156
2014,1a,nymph,97,346,23,Q50,156
2014,1a,nymph,97,346,23,Q75,198
2014,1a,nymph,97,346,23,Q90,286.6
2014,1a,nymph,97,346,23,Q95,291
2014,1a,nymph,97,346,23,Q99,307.38
2014,2,nymph,113,325,3,Q1,148.56
2014,2,nymph,113,325,3,Q5,150.8
2014,2,nymph,113,325,3,Q10,153.6
2014,2,nymph,113,325,3,Q25,162
2014,2,nymph,113,325,3,Q50,176
2014,2,nymph,113,325,3,Q75,176
2014,2,nymph,113,325,3,Q90,176
2014,2,nymph,113,325,3,Q95,176
2014,2,nymph,113,325,3,Q99,176
2014,4,nymph,106,295,8,Q1,107.96
2014,4,nymph,106,295,8,Q5,115.8
2014,4,nymph,106,295,8,Q10,125.6
2014,4,nymph,106,295,8,Q25,134
2014,4,nymph,106,295,8,Q50,176
2014,4,nymph,106,295,8,Q75,182
2014,4,nymph,106,295,8,Q90,182
2014,4,nymph,106,295,8,Q95,182
2014,4,nymph,106,295,8,Q99,182
2014,5,nymph,177,363,5,Q1,177
2014,5,nymph,177,363,5,Q5,177
2014,5,nymph,177,363,5,Q10,177
2014,5,nymph,177,363,5,Q25,177
2014,5,nymph,177,363,5,Q50,196
2014,5,nymph,177,363,5,Q75,196
2014,5,nymph,177,363,5,Q90,196
2014,5,nymph,177,363,5,Q95,196
2014,5,nymph,177,363,5,Q99,196
2014,6,nymph,114,329,2,Q1,116.15
2014,6,nymph,114,329,2,Q5,124.75
2014,6,nymph,114,329,2,Q10,135.5
2014,6,nymph,114,329,2,Q25,167.75
2014,6,nymph,114,329,2,Q50,221.5
2014,6,nymph,114,329,2,Q75,275.25
2014,6,nymph,114,329,2,Q90,307.5
2014,6,nymph,114,329,2,Q95,318.25
2014,6,nymph,114,329,2,Q99,326.85
2014,7,nymph,114,329,2,Q1,143
2014,7,nymph,114,329,2,Q5,143
2014,7,nymph,114,329,2,Q10,143
2014,7,nymph,114,329,2,Q25,143
2014,7,nymph,114,329,2,Q50,143
2014,7,nymph,114,329,2,Q75,143
2014,7,nymph,114,329,2,Q90,143
2014,7,nymph,114,329,2,Q95,143
2014,7,nymph,114,329,2,Q99,143
2014,8,nymph,197,323,3,Q1,197
2014,8,nymph,197,323,3,Q5,197
2014,8,nymph,197,323,3,Q10,197
2014,8,nymph,197,323,3,Q25,197
2014,8,nymph,197,323,3,Q50,197
2014,8,nymph,197,323,3,Q75,250.5
2014,8,nymph,197,323,3,Q90,282.6
2014,8,nymph,197,323,3,Q95,293.3
2014,8,nymph,197,323,3,Q99,301.86
2014,1a,male,97,346,23,Q1,97
2014,1a,male,97,346,23,Q5,97
2014,1a,male,97,346,23,Q10,104.8
2014,1a,male,97,346,23,Q25,156
2014,1a,male,97,346,23,Q50,156
2014,1a,male,97,346,23,Q75,198
2014,1a,male,97,346,23,Q90,286.6
2014,1a,male,97,346,23,Q95,291
2014,1a,male,97,346,23,Q99,307.38
2014,2,male,113,325,3,Q1,148.56
2014,2,male,113,325,3,Q5,150.8
2014,2,male,113,325,3,Q10,153.6
2014,2,male,113,325,3,Q25,162
2014,2,male,113,325,3,Q50,176
2014,2,male,113,325,3,Q75,176
2014,2,male,113,325,3,Q90,176
2014,2,male,113,325,3,Q95,176
2014,2,male,113,325,3,Q99,176
2014,4,male,106,295,8,Q1,107.96
2014,4,male,106,295,8,Q5,115.8
2014,4,male,106,295,8,Q10,125.6
2014,4,male,106,295,8,Q25,134
2014,4,male,106,295,8,Q50,176
2014,4,male,106,295,8,Q75,182
2014,4,male,106,295,8,Q90,182
2014,4,male,106,295,8,Q95,182
2014,4,male,106,295,8,Q99,182
2014,5,male,177,363,5,Q1,177
2014,5,male,177,363,5,Q5,177
2014,5,male,177,363,5,Q10,177
2014,5,male,177,363,5,Q25,177
2014,5,male,177,363,5,Q50,196
2014,5,male,177,363,5,Q75,196
2014,5,male,177,363,5,Q90,196
2014,5,male,177,363,5,Q95,196
2014,5,male,177,363,5,Q99,196
2014,6,male,114,329,2,Q1,116.15
2014,6,male,114,329,2,Q5,124.75
2014,6,male,114,329,2,Q10,135.5
2014,6,male,114,329,2,Q25,167.75
2014,6,male,114,329,2,Q50,221.5
2014,6,male,114,329,2,Q75,275.25
2014,6,male,114,329,2,Q90,307.5
2014,6,male,114,329,2,Q95,318.25
2014,6,male,114,329,2,Q99,326.85
2014,7,male,114,329,2,Q1,143
2014,7,male,114,329,2,Q5,143
2014,7,male,114,329,2,Q10,143
2014,7,male,114,329,2,Q25,143
2014,7,male,114,329,2,Q50,143
2014,7,male,114,329,2,Q75,143
2014,7,male,114,329,2,Q90,143
2014,7,male,114,329,2,Q95,143
2014,7,male,114,329,2,Q99,143
2014,8,male,197,323,3,Q1,197
2014,8,male,197,323,3,Q5,197
2014,8,male,197,323,3,Q10,197
2014,8,male,197,323,3,Q25,197
2014,8,male,197,323,3,Q50,197
2014,8,male,197,323,3,Q75,250.5
2014,8,male,197,323,3,Q90,282.6
2014,8,male,197,323,3,Q95,293.3
2014,8,male,197,323,3,Q99,301.86
2014,1a,female,97,346,23,Q1,97
2014,1a,female,97,346,23,Q5,97
2014,1a,female,97,346,23,Q10,104.8
2014,1a,female,97,346,23,Q25,156
2014,1a,female,97,346,23,Q50,156
2014,1a,female,97,346,23,Q75,198
2014,1a,female,97,346,23,Q90,286.6
2014,1a,female,97,346,23,Q95,291
2014,1a,female,97,346,23,Q99,307.38
2014,2,female,113,325,3,Q1,148.56
2014,2,female,113,325,3,Q5,150.8
2014,2,female,113,325,3,Q10,153.6
2014,2,female,113,325,3,Q25,162
2014,2,female,113,325,3,Q50,176
2014,2,female,113,325,3,Q75,176
2014,2,female,113,325,3,Q90,176
2014,2,female,113,325,3,Q95,176
2014,2,female,113,325,3,Q99,176
2014,4,female,106,295,8,Q1,107.96
2014,4,female,106,295,8,Q5,115.8
2014,4,female,106,295,8,Q10,125.6
2014,4,female,106,295,8,Q25,134
2014,4,female,106,295,8,Q50,176
2014,4,female,106,295,8,Q75,182
2014,4,female,106,295,8,Q90,182
2014,4,female,106,295,8,Q95,182
2014,4,female,106,295,8,Q99,182
2014,5,female,177,363,5,Q1,177
2014,5,female,177,363,5,Q5,177
2014,5,female,177,363,5,Q10,177
2014,5,female,177,363,5,Q25,177
2014,5,female,177,363,5,Q50,196
2014,5,female,177,363,5,Q75,196
2014,5,female,177,363,5,Q90,196
2014,5,female,177,363,5,Q95,196
2014,5,female,177,363,5,Q99,196
2014,6,female,114,329,2,Q1,116.15
2014,6,female,114,329,2,Q5,124.75
2014,6,female,114,329,2,Q10,135.5
2014,6,female,114,329,2,Q25,167.75
2014,6,female,114,329,2,Q50,221.5
2014,6,female,114,329,2,Q75,275.25
2014,6,female,114,329,2,Q90,307.5
2014,6,female,114,329,2,Q95,318.25
2014,6,female,114,329,2,Q99,326.85
2014,7,female,114,329,2,Q1,143
2014,7,female,114,329,2,Q5,143
2014,7,female,114,329,2,Q10,143
2014,7,female,114,329,2,Q25,143
2014,7,female,114,329,2,Q50,143
2014,7,female,114,329,2,Q75,143
2014,7,female,114,329,2,Q90,143
2014,7,female,114,329,2,Q95,143
2014,7,female,114,329,2,Q99,143
2014,8,female,197,323,3,Q1,197
2014,8,female,197,323,3,Q5,197
2014,8,female,197,323,3,Q10,197
2014,8,female,197,323,3,Q25,197
2014,8,female,197,323,3,Q50,197
2014,8,female,197,323,3,Q75,250.5
2014,8,female,197,323,3,Q90,282.6
2014,8,female,197,323,3,Q95,293.3
2014,8,female,197,323,3,Q99,301.86
2015,1a,nymph,15,351,19,Q1,80.64
2015,1a,nymph,15,351,19,Q5,115.2
2015,1a,nymph,15,351,19,Q10,120
2015,1a,nymph,15,351,19,Q25,120
2015,1a,nymph,15,351,19,Q50,148
2015,1a,nymph,15,351,19,Q75,180
2015,1a,nymph,15,351,19,Q90,334
2015,1a,nymph,15,351,19,Q95,335.7
2015,1a,nymph,15,351,19,Q99,347.94
2015,2,nymph,77,343,2,Q1,133
2015,2,nymph,77,343,2,Q5,133
2015,2,nymph,77,343,2,Q10,133
2015,2,nymph,77,343,2,Q25,133
2015,2,nymph,77,343,2,Q50,133
2015,2,nymph,77,343,2,Q75,133
2015,2,nymph,77,343,2,Q90,133
2015,2,nymph,77,343,2,Q95,133
2015,2,nymph,77,343,2,Q99,133
2015,4,nymph,29,330,15,Q1,76.6
2015,4,nymph,29,330,15,Q5,99
2015,4,nymph,29,330,15,Q10,111
2015,4,nymph,29,330,15,Q25,126
2015,4,nymph,29,330,15,Q50,141
2015,4,nymph,29,330,15,Q75,167
2015,4,nymph,29,330,15,Q90,188.6
2015,4,nymph,29,330,15,Q95,241.1
2015,4,nymph,29,330,15,Q99,312.22
2015,5,nymph,27,355,8,Q1,76
2015,5,nymph,27,355,8,Q5,76
2015,5,nymph,27,355,8,Q10,76
2015,5,nymph,27,355,8,Q25,150.25
2015,5,nymph,27,355,8,Q50,175
2015,5,nymph,27,355,8,Q75,272
2015,5,nymph,27,355,8,Q90,296
2015,5,nymph,27,355,8,Q95,296
2015,5,nymph,27,355,8,Q99,296
2015,6,nymph,23,350,13,Q1,85
2015,6,nymph,23,350,13,Q5,85
2015,6,nymph,23,350,13,Q10,96.4
2015,6,nymph,23,350,13,Q25,142
2015,6,nymph,23,350,13,Q50,142
2015,6,nymph,23,350,13,Q75,142
2015,6,nymph,23,350,13,Q90,265.2
2015,6,nymph,23,350,13,Q95,317.6
2015,6,nymph,23,350,13,Q99,343.52
2015,7,nymph,23,350,5,Q1,87.28
2015,7,nymph,23,350,5,Q5,96.4
2015,7,nymph,23,350,5,Q10,107.8
2015,7,nymph,23,350,5,Q25,142
2015,7,nymph,23,350,5,Q50,142
2015,7,nymph,23,350,5,Q75,142
2015,7,nymph,23,350,5,Q90,234.4
2015,7,nymph,23,350,5,Q95,265.2
2015,7,nymph,23,350,5,Q99,289.84
2015,8,nymph,21,336,13,Q1,113
2015,8,nymph,21,336,13,Q5,113
2015,8,nymph,21,336,13,Q10,117
2015,8,nymph,21,336,13,Q25,133
2015,8,nymph,21,336,13,Q50,159
2015,8,nymph,21,336,13,Q75,180
2015,8,nymph,21,336,13,Q90,215
2015,8,nymph,21,336,13,Q95,245.8
2015,8,nymph,21,336,13,Q99,282.76
2015,1a,male,15,351,19,Q1,80.64
2015,1a,male,15,351,19,Q5,115.2
2015,1a,male,15,351,19,Q10,120
2015,1a,male,15,351,19,Q25,120
2015,1a,male,15,351,19,Q50,148
2015,1a,male,15,351,19,Q75,180
2015,1a,male,15,351,19,Q90,334
2015,1a,male,15,351,19,Q95,335.7
2015,1a,male,15,351,19,Q99,347.94
2015,2,male,77,343,2,Q1,133
2015,2,male,77,343,2,Q5,133
2015,2,male,77,343,2,Q10,133
2015,2,male,77,343,2,Q25,133
2015,2,male,77,343,2,Q50,133
2015,2,male,77,343,2,Q75,133
2015,2,male,77,343,2,Q90,133
2015,2,male,77,343,2,Q95,133
2015,2,male,77,343,2,Q99,133
2015,4,male,29,330,15,Q1,76.6
2015,4,male,29,330,15,Q5,99
2015,4,male,29,330,15,Q10,111
2015,4,male,29,330,15,Q25,126
2015,4,male,29,330,15,Q50,141
2015,4,male,29,330,15,Q75,167
2015,4,male,29,330,15,Q90,188.6
2015,4,male,29,330,15,Q95,241.1
2015,4,male,29,330,15,Q99,312.22
2015,5,male,27,355,8,Q1,76
2015,5,male,27,355,8,Q5,76
2015,5,male,27,355,8,Q10,76
2015,5,male,27,355,8,Q25,150.25
2015,5,male,27,355,8,Q50,175
2015,5,male,27,355,8,Q75,272
2015,5,male,27,355,8,Q90,296
2015,5,male,27,355,8,Q95,296
2015,5,male,27,355,8,Q99,296
2015,6,male,23,350,13,Q1,85
2015,6,male,23,350,13,Q5,85
2015,6,male,23,350,13,Q10,96.4
2015,6,male,23,350,13,Q25,142
2015,6,male,23,350,13,Q50,142
2015,6,male,23,350,13,Q75,142
2015,6,male,23,350,13,Q90,265.2
2015,6,male,23,350,13,Q95,317.6
2015,6,male,23,350,13,Q99,343.52
2015,7,male,23,350,5,Q1,87.28
2015,7,male,23,350,5,Q5,96.4
2015,7,male,23,350,5,Q10,107.8
2015,7,male,23,350,5,Q25,142
2015,7,male,23,350,5,Q50,142
2015,7,male,23,350,5,Q75,142
2015,7,male,23,350,5,Q90,234.4
2015,7,male,23,350,5,Q95,265.2
2015,7,male,23,350,5,Q99,289.84
2015,8,male,21,336,13,Q1,113
2015,8,male,21,336,13,Q5,113
2015,8,male,21,336,13,Q10,117
2015,8,male,21,336,13,Q25,133
2015,8,male,21,336,13,Q50,159
2015,8,male,21,336,13,Q75,180
2015,8,male,21,336,13,Q90,215
2015,8,male,21,336,13,Q95,245.8
2015,8,male,21,336,13,Q99,282.76
2015,1a,female,15,351,19,Q1,80.64
2015,1a,female,15,351,19,Q5,115.2
2015,1a,female,15,351,19,Q10,120
2015,1a,female,15,351,19,Q25,120
2015,1a,female,15,351,19,Q50,148
2015,1a,female,15,351,19,Q75,180
2015,1a,female,15,351,19,Q90,334
2015,1a,female,15,351,19,Q95,335.7
2015,1a,female,15,351,19,Q99,347.94
2015,2,female,77,343,2,Q1,133
2015,2,female,77,343,2,Q5,133
2015,2,female,77,343,2,Q10,133
2015,2,female,77,343,2,Q25,133
2015,2,female,77,343,2,Q50,133
2015,2,female,77,343,2,Q75,133
2015,2,female,77,343,2,Q90,133
2015,2,female,77,343,2,Q95,133
2015,2,female,77,343,2,Q99,133
2015,4,female,29,330,15,Q1,76.6
2015,4,female,29,330,15,Q5,99
2015,4,female,29,330,15,Q10,111
2015,4,female,29,330,15,Q25,126
2015,4,female,29,330,15,Q50,141
2015,4,female,29,330,15,Q75,167
2015,4,female,29,330,15,Q90,188.6
2015,4,female,29,330,15,Q95,241.1
2015,4,female,29,330,15,Q99,312.22
2015,5,female,27,355,8,Q1,76
2015,5,female,27,355,8,Q5,76
2015,5,female,27,355,8,Q10,76
2015,5,female,27,355,8,Q25,150.25
2015,5,female,27,355,8,Q50,175
2015,5,female,27,355,8,Q75,272
2015,5,female,27,355,8,Q90,296
2015,5,female,27,355,8,Q95,296
2015,5,female,27,355,8,Q99,296
2015,6,female,23,350,13,Q1,85
2015,6,female,23,350,13,Q5,85
2015,6,female,23,350,13,Q10,96.4
2015,6,female,23,350,13,Q25,142
2015,6,female,23,350,13,Q50,142
2015,6,female,23,350,13,Q75,142
2015,6,female,23,350,13,Q90,265.2
2015,6,female,23,350,13,Q95,317.6
2015,6,female,23,350,13,Q99,343.52
2015,7,female,23,350,5,Q1,87.28
2015,7,female,23,350,5,Q5,96.4
2015,7,female,23,350,5,Q10,107.8
2015,7,female,23,350,5,Q25,142
2015,7,female,23,350,5,Q50,142
2015,7,female,23,350,5,Q75,142
2015,7,female,23,350,5,Q90,234.4
2015,7,female,23,350,5,Q95,265.2
2015,7,female,23,350,5,Q99,289.84
2015,8,female,21,336,13,Q1,113
2015,8,female,21,336,13,Q5,113
2015,8,female,21,336,13,Q10,117
2015,8,female,21,336,13,Q25,133
2015,8,female,21,336,13,Q50,159
2015,8,female,21,336,13,Q75,180
2015,8,female,21,336,13,Q90,215
2015,8,female,21,336,13,Q95,245.8
2015,8,female,21,336,13,Q99,282.76
2016,1a,nymph,25,237,3,Q1,85.26
2016,1a,nymph,25,237,3,Q5,90.3
2016,1a,nymph,25,237,3,Q10,96.6
2016,1a,nymph,25,237,3,Q25,115.5
2016,1a,nymph,25,237,3,Q50,147
2016,1a,nymph,25,237,3,Q75,147
2016,1a,nymph,25,237,3,Q90,147
2016,1a,nymph,25,237,3,Q95,147
2016,1a,nymph,25,237,3,Q99,147
2016,2,nymph,27,335,4,Q1,146.05
2016,2,nymph,27,335,4,Q5,150.25
2016,2,nymph,27,335,4,Q10,155.5
2016,2,nymph,27,335,4,Q25,171.25
2016,2,nymph,27,335,4,Q50,180
2016,2,nymph,27,335,4,Q75,180
2016,2,nymph,27,335,4,Q90,180
2016,2,nymph,27,335,4,Q95,180
2016,2,nymph,27,335,4,Q99,180
2016,4,nymph,28,278,7,Q1,49.8
2016,4,nymph,28,278,7,Q5,57
2016,4,nymph,28,278,7,Q10,66
2016,4,nymph,28,278,7,Q25,78
2016,4,nymph,28,278,7,Q50,102
2016,4,nymph,28,278,7,Q75,188
2016,4,nymph,28,278,7,Q90,188
2016,4,nymph,28,278,7,Q95,188
2016,4,nymph,28,278,7,Q99,188
2016,5,nymph,25,355,8,Q1,30.95
2016,5,nymph,25,355,8,Q5,54.75
2016,5,nymph,25,355,8,Q10,84.5
2016,5,nymph,25,355,8,Q25,110
2016,5,nymph,25,355,8,Q50,110
2016,5,nymph,25,355,8,Q75,145
2016,5,nymph,25,355,8,Q90,162.4
2016,5,nymph,25,355,8,Q95,182.7
2016,5,nymph,25,355,8,Q99,198.94
2016,6,nymph,26,351,3,Q1,144.76
2016,6,nymph,26,351,3,Q5,159.8
2016,6,nymph,26,351,3,Q10,178.6
2016,6,nymph,26,351,3,Q25,235
2016,6,nymph,26,351,3,Q50,329
2016,6,nymph,26,351,3,Q75,329
2016,6,nymph,26,351,3,Q90,329
2016,6,nymph,26,351,3,Q95,329
2016,6,nymph,26,351,3,Q99,329
2016,7,nymph,26,351,4,Q1,106.08
2016,7,nymph,26,351,4,Q5,110.4
2016,7,nymph,26,351,4,Q10,115.8
2016,7,nymph,26,351,4,Q25,132
2016,7,nymph,26,351,4,Q50,141
2016,7,nymph,26,351,4,Q75,141
2016,7,nymph,26,351,4,Q90,141
2016,7,nymph,26,351,4,Q95,141
2016,7,nymph,26,351,4,Q99,141
2016,8,nymph,25,347,6,Q1,130
2016,8,nymph,25,347,6,Q5,130
2016,8,nymph,25,347,6,Q10,130
2016,8,nymph,25,347,6,Q25,140.5
2016,8,nymph,25,347,6,Q50,172
2016,8,nymph,25,347,6,Q75,188.5
2016,8,nymph,25,347,6,Q90,218
2016,8,nymph,25,347,6,Q95,230
2016,8,nymph,25,347,6,Q99,239.6
2016,1a,male,25,237,3,Q1,85.26
2016,1a,male,25,237,3,Q5,90.3
2016,1a,male,25,237,3,Q10,96.6
2016,1a,male,25,237,3,Q25,115.5
2016,1a,male,25,237,3,Q50,147
2016,1a,male,25,237,3,Q75,147
2016,1a,male,25,237,3,Q90,147
2016,1a,male,25,237,3,Q95,147
2016,1a,male,25,237,3,Q99,147
2016,2,male,27,335,4,Q1,146.05
2016,2,male,27,335,4,Q5,150.25
2016,2,male,27,335,4,Q10,155.5
2016,2,male,27,335,4,Q25,171.25
2016,2,male,27,335,4,Q50,180
2016,2,male,27,335,4,Q75,180
2016,2,male,27,335,4,Q90,180
2016,2,male,27,335,4,Q95,180
2016,2,male,27,335,4,Q99,180
2016,4,male,28,278,7,Q1,49.8
2016,4,male,28,278,7,Q5,57
2016,4,male,28,278,7,Q10,66
2016,4,male,28,278,7,Q25,78
2016,4,male,28,278,7,Q50,102
2016,4,male,28,278,7,Q75,188
2016,4,male,28,278,7,Q90,188
2016,4,male,28,278,7,Q95,188
2016,4,male,28,278,7,Q99,188
2016,5,male,25,355,8,Q1,30.95
2016,5,male,25,355,8,Q5,54.75
2016,5,male,25,355,8,Q10,84.5
2016,5,male,25,355,8,Q25,110
2016,5,male,25,355,8,Q50,110
2016,5,male,25,355,8,Q75,145
2016,5,male,25,355,8,Q90,162.4
2016,5,male,25,355,8,Q95,182.7
2016,5,male,25,355,8,Q99,198.94
2016,6,male,26,351,3,Q1,144.76
2016,6,male,26,351,3,Q5,159.8
2016,6,male,26,351,3,Q10,178.6
2016,6,male,26,351,3,Q25,235
2016,6,male,26,351,3,Q50,329
2016,6,male,26,351,3,Q75,329
2016,6,male,26,351,3,Q90,329
2016,6,male,26,351,3,Q95,329
2016,6,male,26,351,3,Q99,329
2016,7,male,26,351,4,Q1,106.08
2016,7,male,26,351,4,Q5,110.4
2016,7,male,26,351,4,Q10,115.8
2016,7,male,26,351,4,Q25,132
2016,7,male,26,351,4,Q50,141
2016,7,male,26,351,4,Q75,141
2016,7,male,26,351,4,Q90,141
2016,7,male,26,351,4,Q95,141
2016,7,male,26,351,4,Q99,141
2016,8,male,25,347,6,Q1,130
2016,8,male,25,347,6,Q5,130
2016,8,male,25,347,6,Q10,130
2016,8,male,25,347,6,Q25,140.5
2016,8,male,25,347,6,Q50,172
2016,8,male,25,347,6,Q75,188.5
2016,8,male,25,347,6,Q90,218
2016,8,male,25,347,6,Q95,230
2016,8,male,25,347,6,Q99,239.6
2016,1a,female,25,237,3,Q1,85.26
2016,1a,female,25,237,3,Q5,90.3
2016,1a,female,25,237,3,Q10,96.6
2016,1a,female,25,237,3,Q25,115.5
2016,1a,female,25,237,3,Q50,147
2016,1a,female,25,237,3,Q75,147
2016,1a,female,25,237,3,Q90,147
2016,1a,female,25,237,3,Q95,147
2016,1a,female,25,237,3,Q99,147
2016,2,female,27,335,4,Q1,146.05
2016,2,female,27,335,4,Q5,150.25
2016,2,female,27,335,4,Q10,155.5
2016,2,female,27,335,4,Q25,171.25
2016,2,female,27,335,4,Q50,180
2016,2,female,27,335,4,Q75,180
2016,2,female,27,335,4,Q90,180
2016,2,female,27,335,4,Q95,180
2016,2,female,27,335,4,Q99,180
2016,4,female,28,278,7,Q1,49.8
2016,4,female,28,278,7,Q5,57
2016,4,female,28,278,7,Q10,66
2016,4,female,28,278,7,Q25,78
2016,4,female,28,278,7,Q50,102
2016,4,female,28,278,7,Q75,188
2016,4,female,28,278,7,Q90,188
2016,4,female,28,278,7,Q95,188
2016,4,female,28,278,7,Q99,188
2016,5,female,25,355,8,Q1,30.95
2016,5,female,25,355,8,Q5,54.75
2016,5,female,25,355,8,Q10,84.5
2016,5,female,25,355,8,Q25,110
2016,5,female,25,355,8,Q50,110
2016,5,female,25,355,8,Q75,145
2016,5,female,25,355,8,Q90,162.4
2016,5,female,25,355,8,Q95,182.7
2016,5,female,25,355,8,Q99,198.94
2016,6,female,26,351,3,Q1,144.76
2016,6,female,26,351,3,Q5,159.8
2016,6,female,26,351,3,Q10,178.6
2016,6,female,26,351,3,Q25,235
2016,6,female,26,351,3,Q50,329
2016,6,female,26,351,3,Q75,329
2016,6,female,26,351,3,Q90,329
2016,6,female,26,351,3,Q95,329
2016,6,female,26,351,3,Q99,329
2016,7,female,26,351,4,Q1,106.08
2016,7,female,26,351,4,Q5,110.4
2016,7,female,26,351,4,Q10,115.8
2016,7,female,26,351,4,Q25,132
2016,7,female,26,351,4,Q50,141
2016,7,female,26,351,4,Q75,141
2016,7,female,26,351,4,Q90,141
2016,7,female,26,351,4,Q95,141
2016,7,female,26,351,4,Q99,141
2016,8,female,25,347,6,Q1,130
2016,8,female,25,347,6,Q5,130
2016,8,female,25,347,6,Q10,130
2016,8,female,25,347,6,Q25,140.5
2016,8,female,25,347,6,Q50,172
2016,8,female,25,347,6,Q75,188.5
2016,8,female,25,347,6,Q90,218
2016,8,female,25,347,6,Q95,230
2016,8,female,25,347,6,Q99,239.6
2017,1b,nymph,111,340,11,Q1,173
2017,1b,nymph,111,340,11,Q5,173
2017,1b,nymph,111,340,11,Q10,173
2017,1b,nymph,111,340,11,Q25,173
2017,1b,nymph,111,340,11,Q50,173
2017,1b,nymph,111,340,11,Q75,184
2017,1b,nymph,111,340,11,Q90,184
2017,1b,nymph,111,340,11,Q95,184
2017,1b,nymph,111,340,11,Q99,184
2017,2,nymph,51,326,7,Q1,107.88
2017,2,nymph,51,326,7,Q5,131.4
2017,2,nymph,51,326,7,Q10,160.8
2017,2,nymph,51,326,7,Q25,209.5
2017,2,nymph,51,326,7,Q50,219
2017,2,nymph,51,326,7,Q75,237.5
2017,2,nymph,51,326,7,Q90,267.2
2017,2,nymph,51,326,7,Q95,275.6
2017,2,nymph,51,326,7,Q99,282.32
2017,4,nymph,47,277,5,Q1,47
2017,4,nymph,47,277,5,Q5,47
2017,4,nymph,47,277,5,Q10,47
2017,4,nymph,47,277,5,Q25,47
2017,4,nymph,47,277,5,Q50,69
2017,4,nymph,47,277,5,Q75,69
2017,4,nymph,47,277,5,Q90,108.6
2017,4,nymph,47,277,5,Q95,121.8
2017,4,nymph,47,277,5,Q99,132.36
2017,5,nymph,18,353,17,Q1,111
2017,5,nymph,18,353,17,Q5,111
2017,5,nymph,18,353,17,Q10,111
2017,5,nymph,18,353,17,Q25,111
2017,5,nymph,18,353,17,Q50,136
2017,5,nymph,18,353,17,Q75,177
2017,5,nymph,18,353,17,Q90,260
2017,5,nymph,18,353,17,Q95,299
2017,5,nymph,18,353,17,Q99,299
2017,6,nymph,26,355,3,Q1,139.38
2017,6,nymph,26,355,3,Q5,140.9
2017,6,nymph,26,355,3,Q10,142.8
2017,6,nymph,26,355,3,Q25,148.5
2017,6,nymph,26,355,3,Q50,158
2017,6,nymph,26,355,3,Q75,158
2017,6,nymph,26,355,3,Q90,158
2017,6,nymph,26,355,3,Q95,158
2017,6,nymph,26,355,3,Q99,158
2017,7,nymph,26,355,6,Q1,111.45
2017,7,nymph,26,355,6,Q5,117.25
2017,7,nymph,26,355,6,Q10,124.5
2017,7,nymph,26,355,6,Q25,139
2017,7,nymph,26,355,6,Q50,148.5
2017,7,nymph,26,355,6,Q75,158
2017,7,nymph,26,355,6,Q90,172
2017,7,nymph,26,355,6,Q95,179
2017,7,nymph,26,355,6,Q99,184.6
2017,8,nymph,46,326,7,Q1,151
2017,8,nymph,46,326,7,Q5,151
2017,8,nymph,46,326,7,Q10,151
2017,8,nymph,46,326,7,Q25,151
2017,8,nymph,46,326,7,Q50,151
2017,8,nymph,46,326,7,Q75,170
2017,8,nymph,46,326,7,Q90,179.6
2017,8,nymph,46,326,7,Q95,186.8
2017,8,nymph,46,326,7,Q99,192.56
2017,1b,male,111,340,11,Q1,173
2017,1b,male,111,340,11,Q5,173
2017,1b,male,111,340,11,Q10,173
2017,1b,male,111,340,11,Q25,173
2017,1b,male,111,340,11,Q50,173
2017,1b,male,111,340,11,Q75,184
2017,1b,male,111,340,11,Q90,184
2017,1b,male,111,340,11,Q95,184
2017,1b,male,111,340,11,Q99,184
2017,2,male,51,326,7,Q1,107.88
2017,2,male,51,326,7,Q5,131.4
2017,2,male,51,326,7,Q10,160.8
2017,2,male,51,326,7,Q25,209.5
2017,2,male,51,326,7,Q50,219
2017,2,male,51,326,7,Q75,237.5
2017,2,male,51,326,7,Q90,267.2
2017,2,male,51,326,7,Q95,275.6
2017,2,male,51,326,7,Q99,282.32
2017,4,male,47,277,5,Q1,47
2017,4,male,47,277,5,Q5,47
2017,4,male,47,277,5,Q10,47
2017,4,male,47,277,5,Q25,47
2017,4,male,47,277,5,Q50,69
2017,4,male,47,277,5,Q75,69
2017,4,male,47,277,5,Q90,108.6
2017,4,male,47,277,5,Q95,121.8
2017,4,male,47,277,5,Q99,132.36
2017,5,male,18,353,17,Q1,111
2017,5,male,18,353,17,Q5,111
2017,5,male,18,353,17,Q10,111
2017,5,male,18,353,17,Q25,111
2017,5,male,18,353,17,Q50,136
2017,5,male,18,353,17,Q75,177
2017,5,male,18,353,17,Q90,260
2017,5,male,18,353,17,Q95,299
2017,5,male,18,353,17,Q99,299
2017,6,male,26,355,3,Q1,139.38
2017,6,male,26,355,3,Q5,140.9
2017,6,male,26,355,3,Q10,142.8
2017,6,male,26,355,3,Q25,148.5
2017,6,male,26,355,3,Q50,158
2017,6,male,26,355,3,Q75,158
2017,6,male,26,355,3,Q90,158
2017,6,male,26,355,3,Q95,158
2017,6,male,26,355,3,Q99,158
2017,7,male,26,355,6,Q1,111.45
2017,7,male,26,355,6,Q5,117.25
2017,7,male,26,355,6,Q10,124.5
2017,7,male,26,355,6,Q25,139
2017,7,male,26,355,6,Q50,148.5
2017,7,male,26,355,6,Q75,158
2017,7,male,26,355,6,Q90,172
2017,7,male,26,355,6,Q95,179
2017,7,male,26,355,6,Q99,184.6
2017,8,male,46,326,7,Q1,151
2017,8,male,46,326,7,Q5,151
2017,8,male,46,326,7,Q10,151
2017,8,male,46,326,7,Q25,151
2017,8,male,46,326,7,Q50,151
2017,8,male,46,326,7,Q75,170
2017,8,male,46,326,7,Q90,179.6
2017,8,male,46,326,7,Q95,186.8
2017,8,male,46,326,7,Q99,192.56
2017,1b,female,111,340,11,Q1,173
2017,1b,female,111,340,11,Q5,173
2017,1b,female,111,340,11,Q10,173
2017,1b,female,111,340,11,Q25,173
2017,1b,female,111,340,11,Q50,173
2017,1b,female,111,340,11,Q75,184
2017,1b,female,111,340,11,Q90,184
2017,1b,female,111,340,11,Q95,184
2017,1b,female,111,340,11,Q99,184
2017,2,female,51,326,7,Q1,107.88
2017,2,female,51,326,7,Q5,131.4
2017,2,female,51,326,7,Q10,160.8
2017,2,female,51,326,7,Q25,209.5
2017,2,female,51,326,7,Q50,219
2017,2,female,51,326,7,Q75,237.5
2017,2,female,51,326,7,Q90,267.2
2017,2,female,51,326,7,Q95,275.6
2017,2,female,51,326,7,Q99,282.32
2017,4,female,47,277,5,Q1,47
2017,4,female,47,277,5,Q5,47
2017,4,female,47,277,5,Q10,47
2017,4,female,47,277,5,Q25,47
2017,4,female,47,277,5,Q50,69
2017,4,female,47,277,5,Q75,69
2017,4,female,47,277,5,Q90,108.6
2017,4,female,47,277,5,Q95,121.8
2017,4,female,47,277,5,Q99,132.36
2017,5,female,18,353,17,Q1,111
2017,5,female,18,353,17,Q5,111
2017,5,female,18,353,17,Q10,111
2017,5,female,18,353,17,Q25,111
2017,5,female,18,353,17,Q50,136
2017,5,female,18,353,17,Q75,177
2017,5,female,18,353,17,Q90,260
2017,5,female,18,353,17,Q95,299
2017,5,female,18,353,17,Q99,299
2017,6,female,26,355,3,Q1,139.38
2017,6,female,26,355,3,Q5,140.9
2017,6,female,26,355,3,Q10,142.8
2017,6,female,26,355,3,Q25,148.5
2017,6,female,26,355,3,Q50,158
2017,6,female,26,355,3,Q75,158
2017,6,female,26,355,3,Q90,158
2017,6,female,26,355,3,Q95,158
2017,6,female,26,355,3,Q99,158
2017,7,female,26,355,6,Q1,111.45
2017,7,female,26,355,6,Q5,117.25
2017,7,female,26,355,6,Q10,124.5
2017,7,female,26,355,6,Q25,139
2017,7,female,26,355,6,Q50,148.5
2017,7,female,26,355,6,Q75,158
2017,7,female,26,355,6,Q90,172
2017,7,female,26,355,6,Q95,179
2017,7,female,26,355,6,Q99,184.6
2017,8,female,46,326,7,Q1,151
2017,8,female,46,326,7,Q5,151
2017,8,female,46,326,7,Q10,151
2017,8,female,46,326,7,Q25,151
2017,8,female,46,326,7,Q50,151
2017,8,female,46,326,7,Q75,170
2017,8,female,46,326,7,Q90,179.6
2017,8,female,46,326,7,Q95,186.8
2017,8,female,46,326,7,Q99,192.56
2018,1b,nymph,24,318,13,Q1,88
2018,1b,nymph,24,318,13,Q5,88
2018,1b,nymph,24,318,13,Q10,93.4
2018,1b,nymph,24,318,13,Q25,156
2018,1b,nymph,24,318,13,Q50,179
2018,1b,nymph,24,318,13,Q75,179
2018,1b,nymph,24,318,13,Q90,179
2018,1b,nymph,24,318,13,Q95,189.8
2018,1b,nymph,24,318,13,Q99,202.76
2018,2,nymph,93,339,3,Q1,192.54
2018,2,nymph,93,339,3,Q5,194.7
2018,2,nymph,93,339,3,Q10,197.4
2018,2,nymph,93,339,3,Q25,205.5
2018,2,nymph,93,339,3,Q50,219
2018,2,nymph,93,339,3,Q75,250.5
2018,2,nymph,93,339,3,Q90,269.4
2018,2,nymph,93,339,3,Q95,275.7
2018,2,nymph,93,339,3,Q99,280.74
2018,4,nymph,123,334,5,Q1,124.92
2018,4,nymph,123,334,5,Q5,132.6
2018,4,nymph,123,334,5,Q10,142.2
2018,4,nymph,123,334,5,Q25,171
2018,4,nymph,123,334,5,Q50,199
2018,4,nymph,123,334,5,Q75,199
2018,4,nymph,123,334,5,Q90,208
2018,4,nymph,123,334,5,Q95,211
2018,4,nymph,123,334,5,Q99,213.4
2018,5,nymph,17,351,14,Q1,83.77
2018,5,nymph,17,351,14,Q5,98.85
2018,5,nymph,17,351,14,Q10,109
2018,5,nymph,17,351,14,Q25,116.25
2018,5,nymph,17,351,14,Q50,138
2018,5,nymph,17,351,14,Q75,170
2018,5,nymph,17,351,14,Q90,249.8
2018,5,nymph,17,351,14,Q95,269
2018,5,nymph,17,351,14,Q99,269
2018,6,nymph,25,353,5,Q1,80.16
2018,6,nymph,25,353,5,Q5,84.8
2018,6,nymph,25,353,5,Q10,90.6
2018,6,nymph,25,353,5,Q25,108
2018,6,nymph,25,353,5,Q50,108
2018,6,nymph,25,353,5,Q75,233
2018,6,nymph,25,353,5,Q90,305
2018,6,nymph,25,353,5,Q95,329
2018,6,nymph,25,353,5,Q99,348.2
2018,7,nymph,25,353,1,Q1,254
2018,7,nymph,25,353,1,Q5,254
2018,7,nymph,25,353,1,Q10,254
2018,7,nymph,25,353,1,Q25,254
2018,7,nymph,25,353,1,Q50,254
2018,7,nymph,25,353,1,Q75,254
2018,7,nymph,25,353,1,Q90,254
2018,7,nymph,25,353,1,Q95,254
2018,7,nymph,25,353,1,Q99,254
2018,8,nymph,31,347,4,Q1,116
2018,8,nymph,31,347,4,Q5,116
2018,8,nymph,31,347,4,Q10,116
2018,8,nymph,31,347,4,Q25,116
2018,8,nymph,31,347,4,Q50,133
2018,8,nymph,31,347,4,Q75,150
2018,8,nymph,31,347,4,Q90,150
2018,8,nymph,31,347,4,Q95,150
2018,8,nymph,31,347,4,Q99,150
2018,1b,male,24,318,13,Q1,88
2018,1b,male,24,318,13,Q5,88
2018,1b,male,24,318,13,Q10,93.4
2018,1b,male,24,318,13,Q25,156
2018,1b,male,24,318,13,Q50,179
2018,1b,male,24,318,13,Q75,179
2018,1b,male,24,318,13,Q90,179
2018,1b,male,24,318,13,Q95,189.8
2018,1b,male,24,318,13,Q99,202.76
2018,2,male,93,339,3,Q1,192.54
2018,2,male,93,339,3,Q5,194.7
2018,2,male,93,339,3,Q10,197.4
2018,2,male,93,339,3,Q25,205.5
2018,2,male,93,339,3,Q50,219
2018,2,male,93,339,3,Q75,250.5
2018,2,male,93,339,3,Q90,269.4
2018,2,male,93,339,3,Q95,275.7
2018,2,male,93,339,3,Q99,280.74
2018,4,male,123,334,5,Q1,124.92
2018,4,male,123,334,5,Q5,132.6
2018,4,male,123,334,5,Q10,142.2
2018,4,male,123,334,5,Q25,171
2018,4,male,123,334,5,Q50,199
2018,4,male,123,334,5,Q75,199
2018,4,male,123,334,5,Q90,208
2018,4,male,123,334,5,Q95,211
2018,4,male,123,334,5,Q99,213.4
2018,5,male,17,351,14,Q1,83.77
2018,5,male,17,351,14,Q5,98.85
2018,5,male,17,351,14,Q10,109
2018,5,male,17,351,14,Q25,116.25
2018,5,male,17,351,14,Q50,138
2018,5,male,17,351,14,Q75,170
2018,5,male,17,351,14,Q90,249.8
2018,5,male,17,351,14,Q95,269
2018,5,male,17,351,14,Q99,269
2018,6,male,25,353,5,Q1,80.16
2018,6,male,25,353,5,Q5,84.8
2018,6,male,25,353,5,Q10,90.6
2018,6,male,25,353,5,Q25,108
2018,6,male,25,353,5,Q50,108
2018,6,male,25,353,5,Q75,233
2018,6,male,25,353,5,Q90,305
2018,6,male,25,353,5,Q95,329
2018,6,male,25,353,5,Q99,348.2
2018,7,male,25,353,1,Q1,254
2018,7,male,25,353,1,Q5,254
2018,7,male,25,353,1,Q10,254
2018,7,male,25,353,1,Q25,254
2018,7,male,25,353,1,Q50,254
2018,7,male,25,353,1,Q75,254
2018,7,male,25,353,1,Q90,254
2018,7,male,25,353,1,Q95,254
2018,7,male,25,353,1,Q99,254
2018,8,male,31,347,4,Q1,116
2018,8,male,31,347,4,Q5,116
2018,8,male,31,347,4,Q10,116
2018,8,male,31,347,4,Q25,116
2018,8,male,31,347,4,Q50,133
2018,8,male,31,347,4,Q75,150
2018,8,male,31,347,4,Q90,150
2018,8,male,31,347,4,Q95,150
2018,8,male,31,347,4,Q99,150
2018,1b,female,24,318,13,Q1,88
2018,1b,female,24,318,13,Q5,88
2018,1b,female,24,318,13,Q10,93.4
2018,1b,female,24,318,13,Q25,156
2018,1b,female,24,318,13,Q50,179
2018,1b,female,24,318,13,Q75,179
2018,1b,female,24,318,13,Q90,179
2018,1b,female,24,318,13,Q95,189.8
2018,1b,female,24,318,13,Q99,202.76
2018,2,female,93,339,3,Q1,192.54
2018,2,female,93,339,3,Q5,194.7
2018,2,female,93,339,3,Q10,197.4
2018,2,female,93,339,3,Q25,205.5
2018,2,female,93,339,3,Q50,219
2018,2,female,93,339,3,Q75,250.5
2018,2,female,93,339,3,Q90,269.4
2018,2,female,93,339,3,Q95,275.7
2018,2,female,93,339,3,Q99,280.74
2018,4,female,123,334,5,Q1,124.92
2018,4,female,123,334,5,Q5,132.6
2018,4,female,123,334,5,Q10,142.2
2018,4,female,123,334,5,Q25,171
2018,4,female,123,334,5,Q50,199
2018,4,female,123,334,5,Q75,199
2018,4,female,123,334,5,Q90,208
2018,4,female,123,334,5,Q95,211
2018,4,female,123,334,5,Q99,213.4
2018,5,female,17,351,14,Q1,83.77
2018,5,female,17,351,14,Q5,98.85
2018,5,female,17,351,14,Q10,109
2018,5,female,17,351,14,Q25,116.25
2018,5,female,17,351,14,Q50,138
2018,5,female,17,351,14,Q75,170
2018,5,female,17,351,14,Q90,249.8
2018,5,female,17,351,14,Q95,269
2018,5,female,17,351,14,Q99,269
2018,6,female,25,353,5,Q1,80.16
2018,6,female,25,353,5,Q5,84.8
2018,6,female,25,353,5,Q10,90.6
2018,6,female,25,353,5,Q25,108
2018,6,female,25,353,5,Q50,108
2018,6,female,25,353,5,Q75,233
2018,6,female,25,353,5,Q90,305
2018,6,female,25,353,5,Q95,329
2018,6,female,25,353,5,Q99,348.2
2018,7,female,25,353,1,Q1,254
2018,7,female,25,353,1,Q5,254
2018,7,female,25,353,1,Q10,254
2018,7,female,25,353,1,Q25,254
2018,7,female,25,353,1,Q50,254
2018,7,female,25,353,1,Q75,254
2018,7,female,25,353,1,Q90,254
2018,7,female,25,353,1,Q95,254
2018,7,female,25,353,1,Q99,254
2018,8,female,31,347,4,Q1,116
2018,8,female,31,347,4,Q5,116
2018,8,female,31,347,4,Q10,116
2018,8,female,31,347,4,Q25,116
2018,8,female,31,347,4,Q50,133
2018,8,female,31,347,4,Q75,150
2018,8,female,31,347,4,Q90,150
2018,8,female,31,347,4,Q95,150
2018,8,female,31,347,4,Q99,150
2019,11_216,nymph,15,353,1,Q1,135
2019,11_216,nymph,15,353,1,Q5,135
2019,11_216,nymph,15,353,1,Q10,135
2019,11_216,nymph,15,353,1,Q25,135
2019,11_216,nymph,15,353,1,Q50,135
2019,11_216,nymph,15,353,1,Q75,135
2019,11_216,nymph,15,353,1,Q90,135
2019,11_216,nymph,15,353,1,Q95,135
2019,11_216,nymph,15,353,1,Q99,135
2019,1b,nymph,15,346,16,Q1,82.25
2019,1b,nymph,15,346,16,Q5,91.25
2019,1b,nymph,15,346,16,Q10,118
2019,1b,nymph,15,346,16,Q25,141
2019,1b,nymph,15,346,16,Q50,141
2019,1b,nymph,15,346,16,Q75,175
2019,1b,nymph,15,346,16,Q90,190
2019,1b,nymph,15,346,16,Q95,190
2019,1b,nymph,15,346,16,Q99,190
2019,2,nymph,51,330,12,Q1,138.74
2019,2,nymph,51,330,12,Q5,153.7
2019,2,nymph,51,330,12,Q10,169
2019,2,nymph,51,330,12,Q25,186.25
2019,2,nymph,51,330,12,Q50,206
2019,2,nymph,51,330,12,Q75,261
2019,2,nymph,51,330,12,Q90,294.3
2019,2,nymph,51,330,12,Q95,298
2019,2,nymph,51,330,12,Q99,298
2019,4,nymph,44,352,12,Q1,86
2019,4,nymph,44,352,12,Q5,86
2019,4,nymph,44,352,12,Q10,88
2019,4,nymph,44,352,12,Q25,106
2019,4,nymph,44,352,12,Q50,121.5
2019,4,nymph,44,352,12,Q75,177
2019,4,nymph,44,352,12,Q90,177
2019,4,nymph,44,352,12,Q95,255.75
2019,4,nymph,44,352,12,Q99,332.75
2019,5,nymph,15,352,28,Q1,53
2019,5,nymph,15,352,28,Q5,62.8
2019,5,nymph,15,352,28,Q10,81
2019,5,nymph,15,352,28,Q25,81
2019,5,nymph,15,352,28,Q50,122.5
2019,5,nymph,15,352,28,Q75,137
2019,5,nymph,15,352,28,Q90,177
2019,5,nymph,15,352,28,Q95,220.75
2019,5,nymph,15,352,28,Q99,277.53
2019,6,nymph,24,352,5,Q1,80.12
2019,6,nymph,24,352,5,Q5,84.6
2019,6,nymph,24,352,5,Q10,90.2
2019,6,nymph,24,352,5,Q25,107
2019,6,nymph,24,352,5,Q50,143
2019,6,nymph,24,352,5,Q75,158
2019,6,nymph,24,352,5,Q90,158
2019,6,nymph,24,352,5,Q95,158
2019,6,nymph,24,352,5,Q99,158
2019,7,nymph,24,352,6,Q1,30.7
2019,7,nymph,24,352,6,Q5,57.5
2019,7,nymph,24,352,6,Q10,91
2019,7,nymph,24,352,6,Q25,158
2019,7,nymph,24,352,6,Q50,158
2019,7,nymph,24,352,6,Q75,158
2019,7,nymph,24,352,6,Q90,192
2019,7,nymph,24,352,6,Q95,209
2019,7,nymph,24,352,6,Q99,222.6
2019,8,nymph,16,353,9,Q1,108.44
2019,8,nymph,16,353,9,Q5,122.2
2019,8,nymph,16,353,9,Q10,139.4
2019,8,nymph,16,353,9,Q25,148
2019,8,nymph,16,353,9,Q50,172
2019,8,nymph,16,353,9,Q75,199
2019,8,nymph,16,353,9,Q90,218.2
2019,8,nymph,16,353,9,Q95,256.6
2019,8,nymph,16,353,9,Q99,287.32
2019,9_200,nymph,15,353,4,Q1,135.99
2019,9_200,nymph,15,353,4,Q5,139.95
2019,9_200,nymph,15,353,4,Q10,144.9
2019,9_200,nymph,15,353,4,Q25,159.75
2019,9_200,nymph,15,353,4,Q50,180
2019,9_200,nymph,15,353,4,Q75,209.5
2019,9_200,nymph,15,353,4,Q90,241
2019,9_200,nymph,15,353,4,Q95,251.5
2019,9_200,nymph,15,353,4,Q99,259.9
2019,11_216,male,15,353,1,Q1,135
2019,11_216,male,15,353,1,Q5,135
2019,11_216,male,15,353,1,Q10,135
2019,11_216,male,15,353,1,Q25,135
2019,11_216,male,15,353,1,Q50,135
2019,11_216,male,15,353,1,Q75,135
2019,11_216,male,15,353,1,Q90,135
2019,11_216,male,15,353,1,Q95,135
2019,11_216,male,15,353,1,Q99,135
2019,1b,male,15,346,16,Q1,82.25
2019,1b,male,15,346,16,Q5,91.25
2019,1b,male,15,346,16,Q10,118
2019,1b,male,15,346,16,Q25,141
2019,1b,male,15,346,16,Q50,141
2019,1b,male,15,346,16,Q75,175
2019,1b,male,15,346,16,Q90,190
2019,1b,male,15,346,16,Q95,190
2019,1b,male,15,346,16,Q99,190
2019,2,male,51,330,12,Q1,138.74
2019,2,male,51,330,12,Q5,153.7
2019,2,male,51,330,12,Q10,169
2019,2,male,51,330,12,Q25,186.25
2019,2,male,51,330,12,Q50,206
2019,2,male,51,330,12,Q75,261
2019,2,male,51,330,12,Q90,294.3
2019,2,male,51,330,12,Q95,298
2019,2,male,51,330,12,Q99,298
2019,4,male,44,352,12,Q1,86
2019,4,male,44,352,12,Q5,86
2019,4,male,44,352,12,Q10,88
2019,4,male,44,352,12,Q25,106
2019,4,male,44,352,12,Q50,121.5
2019,4,male,44,352,12,Q75,177
2019,4,male,44,352,12,Q90,177
2019,4,male,44,352,12,Q95,255.75
2019,4,male,44,352,12,Q99,332.75
2019,5,male,15,352,28,Q1,53
2019,5,male,15,352,28,Q5,62.8
2019,5,male,15,352,28,Q10,81
2019,5,male,15,352,28,Q25,81
2019,5,male,15,352,28,Q50,122.5
2019,5,male,15,352,28,Q75,137
2019,5,male,15,352,28,Q90,177
2019,5,male,15,352,28,Q95,220.75
2019,5,male,15,352,28,Q99,277.53
2019,6,male,24,352,5,Q1,80.12
2019,6,male,24,352,5,Q5,84.6
2019,6,male,24,352,5,Q10,90.2
2019,6,male,24,352,5,Q25,107
2019,6,male,24,352,5,Q50,143
2019,6,male,24,352,5,Q75,158
2019,6,male,24,352,5,Q90,158
2019,6,male,24,352,5,Q95,158
2019,6,male,24,352,5,Q99,158
2019,7,male,24,352,6,Q1,30.7
2019,7,male,24,352,6,Q5,57.5
2019,7,male,24,352,6,Q10,91
2019,7,male,24,352,6,Q25,158
2019,7,male,24,352,6,Q50,158
2019,7,male,24,352,6,Q75,158
2019,7,male,24,352,6,Q90,192
2019,7,male,24,352,6,Q95,209
2019,7,male,24,352,6,Q99,222.6
2019,8,male,16,353,9,Q1,108.44
2019,8,male,16,353,9,Q5,122.2
2019,8,male,16,353,9,Q10,139.4
2019,8,male,16,353,9,Q25,148
2019,8,male,16,353,9,Q50,172
2019,8,male,16,353,9,Q75,199
2019,8,male,16,353,9,Q90,218.2
2019,8,male,16,353,9,Q95,256.6
2019,8,male,16,353,9,Q99,287.32
2019,9_200,male,15,353,4,Q1,135.99
2019,9_200,male,15,353,4,Q5,139.95
2019,9_200,male,15,353,4,Q10,144.9
2019,9_200,male,15,353,4,Q25,159.75
2019,9_200,male,15,353,4,Q50,180
2019,9_200,male,15,353,4,Q75,209.5
2019,9_200,male,15,353,4,Q90,241
2019,9_200,male,15,353,4,Q95,251.5
2019,9_200,male,15,353,4,Q99,259.9
2019,11_216,female,15,353,1,Q1,135
2019,11_216,female,15,353,1,Q5,135
2019,11_216,female,15,353,1,Q10,135
2019,11_216,female,15,353,1,Q25,135
2019,11_216,female,15,353,1,Q50,135
2019,11_216,female,15,353,1,Q75,135
2019,11_216,female,15,353,1,Q90,135
2019,11_216,female,15,353,1,Q95,135
2019,11_216,female,15,353,1,Q99,135
2019,1b,female,15,346,16,Q1,82.25
2019,1b,female,15,346,16,Q5,91.25
2019,1b,female,15,346,16,Q10,118
2019,1b,female,15,346,16,Q25,141
2019,1b,female,15,346,16,Q50,141
2019,1b,female,15,346,16,Q75,175
2019,1b,female,15,346,16,Q90,190
2019,1b,female,15,346,16,Q95,190
2019,1b,female,15,346,16,Q99,190
2019,2,female,51,330,12,Q1,138.74
2019,2,female,51,330,12,Q5,153.7
2019,2,female,51,330,12,Q10,169
2019,2,female,51,330,12,Q25,186.25
2019,2,female,51,330,12,Q50,206
2019,2,female,51,330,12,Q75,261
2019,2,female,51,330,12,Q90,294.3
2019,2,female,51,330,12,Q95,298
2019,2,female,51,330,12,Q99,298
2019,4,female,44,352,12,Q1,86
2019,4,female,44,352,12,Q5,86
2019,4,female,44,352,12,Q10,88
2019,4,female,44,352,12,Q25,106
2019,4,female,44,352,12,Q50,121.5
2019,4,female,44,352,12,Q75,177
2019,4,female,44,352,12,Q90,177
2019,4,female,44,352,12,Q95,255.75
2019,4,female,44,352,12,Q99,332.75
2019,5,female,15,352,28,Q1,53
2019,5,female,15,352,28,Q5,62.8
2019,5,female,15,352,28,Q10,81
2019,5,female,15,352,28,Q25,81
2019,5,female,15,352,28,Q50,122.5
2019,5,female,15,352,28,Q75,137
2019,5,female,15,352,28,Q90,177
2019,5,female,15,352,28,Q95,220.75
2019,5,female,15,352,28,Q99,277.53
2019,6,female,24,352,5,Q1,80.12
2019,6,female,24,352,5,Q5,84.6
2019,6,female,24,352,5,Q10,90.2
2019,6,female,24,352,5,Q25,107
2019,6,female,24,352,5,Q50,143
2019,6,female,24,352,5,Q75,158
2019,6,female,24,352,5,Q90,158
2019,6,female,24,352,5,Q95,158
2019,6,female,24,352,5,Q99,158
2019,7,female,24,352,6,Q1,30.7
2019,7,female,24,352,6,Q5,57.5
2019,7,female,24,352,6,Q10,91
2019,7,female,24,352,6,Q25,158
2019,7,female,24,352,6,Q50,158
2019,7,female,24,352,6,Q75,158
2019,7,female,24,352,6,Q90,192
2019,7,female,24,352,6,Q95,209
2019,7,female,24,352,6,Q99,222.6
2019,8,female,16,353,9,Q1,108.44
2019,8,female,16,353,9,Q5,122.2
2019,8,female,16,353,9,Q10,139.4
2019,8,female,16,353,9,Q25,148
2019,8,female,16,353,9,Q50,172
2019,8,female,16,353,9,Q75,199
2019,8,female,16,353,9,Q90,218.2
2019,8,female,16,353,9,Q95,256.6
2019,8,female,16,353,9,Q99,287.32
2019,9_200,female,15,353,4,Q1,135.99
2019,9_200,female,15,353,4,Q5,139.95
2019,9_200,female,15,353,4,Q10,144.9
2019,9_200,female,15,353,4,Q25,159.75
2019,9_200,female,15,353,4,Q50,180
2019,9_200,female,15,353,4,Q75,209.5
2019,9_200,female,15,353,4,Q90,241
2019,9_200,female,15,353,4,Q95,251.5
2019,9_200,female,15,353,4,Q99,259.9
2020,10_214,nymph,21,353,3,Q1,164.54
2020,10_214,nymph,21,353,3,Q5,174.7
2020,10_214,nymph,21,353,3,Q10,187.4
2020,10_214,nymph,21,353,3,Q25,225.5
2020,10_214,nymph,21,353,3,Q50,289
2020,10_214,nymph,21,353,3,Q75,289
2020,10_214,nymph,21,353,3,Q90,289
2020,10_214,nymph,21,353,3,Q95,289
2020,10_214,nymph,21,353,3,Q99,289
2020,11_216,nymph,21,353,2,Q1,162.29
2020,11_216,nymph,21,353,2,Q5,163.45
2020,11_216,nymph,21,353,2,Q10,164.9
2020,11_216,nymph,21,353,2,Q25,169.25
2020,11_216,nymph,21,353,2,Q50,176.5
2020,11_216,nymph,21,353,2,Q75,183.75
2020,11_216,nymph,21,353,2,Q90,188.1
2020,11_216,nymph,21,353,2,Q95,189.55
2020,11_216,nymph,21,353,2,Q99,190.71
2020,1b,nymph,31,364,1,Q1,141
2020,1b,nymph,31,364,1,Q5,141
2020,1b,nymph,31,364,1,Q10,141
2020,1b,nymph,31,364,1,Q25,141
2020,1b,nymph,31,364,1,Q50,141
2020,1b,nymph,31,364,1,Q75,141
2020,1b,nymph,31,364,1,Q90,141
2020,1b,nymph,31,364,1,Q95,141
2020,1b,nymph,31,364,1,Q99,141
2020,2,nymph,15,330,6,Q1,176
2020,2,nymph,15,330,6,Q5,176
2020,2,nymph,15,330,6,Q10,176
2020,2,nymph,15,330,6,Q25,181.75
2020,2,nymph,15,330,6,Q50,208.5
2020,2,nymph,15,330,6,Q75,218
2020,2,nymph,15,330,6,Q90,218
2020,2,nymph,15,330,6,Q95,218
2020,2,nymph,15,330,6,Q99,218
2020,5,nymph,21,352,12,Q1,59.79
2020,5,nymph,21,352,12,Q5,98.95
2020,5,nymph,21,352,12,Q10,139
2020,5,nymph,21,352,12,Q25,139
2020,5,nymph,21,352,12,Q50,174
2020,5,nymph,21,352,12,Q75,217
2020,5,nymph,21,352,12,Q90,286.3
2020,5,nymph,21,352,12,Q95,289
2020,5,nymph,21,352,12,Q99,289
2020,6,nymph,14,352,9,Q1,56
2020,6,nymph,14,352,9,Q5,56
2020,6,nymph,14,352,9,Q10,56
2020,6,nymph,14,352,9,Q25,77
2020,6,nymph,14,352,9,Q50,147
2020,6,nymph,14,352,9,Q75,226
2020,6,nymph,14,352,9,Q90,277.6
2020,6,nymph,14,352,9,Q95,314.8
2020,6,nymph,14,352,9,Q99,344.56
2020,8,nymph,15,349,8,Q1,23.75
2020,8,nymph,15,349,8,Q5,58.75
2020,8,nymph,15,349,8,Q10,102.5
2020,8,nymph,15,349,8,Q25,140
2020,8,nymph,15,349,8,Q50,182
2020,8,nymph,15,349,8,Q75,188
2020,8,nymph,15,349,8,Q90,206
2020,8,nymph,15,349,8,Q95,206
2020,8,nymph,15,349,8,Q99,206
2020,9_200,nymph,21,353,3,Q1,162
2020,9_200,nymph,21,353,3,Q5,162
2020,9_200,nymph,21,353,3,Q10,162
2020,9_200,nymph,21,353,3,Q25,162
2020,9_200,nymph,21,353,3,Q50,162
2020,9_200,nymph,21,353,3,Q75,225.5
2020,9_200,nymph,21,353,3,Q90,263.6
2020,9_200,nymph,21,353,3,Q95,276.3
2020,9_200,nymph,21,353,3,Q99,286.46
2020,10_214,male,21,353,3,Q1,164.54
2020,10_214,male,21,353,3,Q5,174.7
2020,10_214,male,21,353,3,Q10,187.4
2020,10_214,male,21,353,3,Q25,225.5
2020,10_214,male,21,353,3,Q50,289
2020,10_214,male,21,353,3,Q75,289
2020,10_214,male,21,353,3,Q90,289
2020,10_214,male,21,353,3,Q95,289
2020,10_214,male,21,353,3,Q99,289
2020,11_216,male,21,353,2,Q1,162.29
2020,11_216,male,21,353,2,Q5,163.45
2020,11_216,male,21,353,2,Q10,164.9
2020,11_216,male,21,353,2,Q25,169.25
2020,11_216,male,21,353,2,Q50,176.5
2020,11_216,male,21,353,2,Q75,183.75
2020,11_216,male,21,353,2,Q90,188.1
2020,11_216,male,21,353,2,Q95,189.55
2020,11_216,male,21,353,2,Q99,190.71
2020,1b,male,31,364,1,Q1,141
2020,1b,male,31,364,1,Q5,141
2020,1b,male,31,364,1,Q10,141
2020,1b,male,31,364,1,Q25,141
2020,1b,male,31,364,1,Q50,141
2020,1b,male,31,364,1,Q75,141
2020,1b,male,31,364,1,Q90,141
2020,1b,male,31,364,1,Q95,141
2020,1b,male,31,364,1,Q99,141
2020,2,male,15,330,6,Q1,176
2020,2,male,15,330,6,Q5,176
2020,2,male,15,330,6,Q10,176
2020,2,male,15,330,6,Q25,181.75
2020,2,male,15,330,6,Q50,208.5
2020,2,male,15,330,6,Q75,218
2020,2,male,15,330,6,Q90,218
2020,2,male,15,330,6,Q95,218
2020,2,male,15,330,6,Q99,218
2020,5,male,21,352,12,Q1,59.79
2020,5,male,21,352,12,Q5,98.95
2020,5,male,21,352,12,Q10,139
2020,5,male,21,352,12,Q25,139
2020,5,male,21,352,12,Q50,174
2020,5,male,21,352,12,Q75,217
2020,5,male,21,352,12,Q90,286.3
2020,5,male,21,352,12,Q95,289
2020,5,male,21,352,12,Q99,289
2020,6,male,14,352,9,Q1,56
2020,6,male,14,352,9,Q5,56
2020,6,male,14,352,9,Q10,56
2020,6,male,14,352,9,Q25,77
2020,6,male,14,352,9,Q50,147
2020,6,male,14,352,9,Q75,226
2020,6,male,14,352,9,Q90,277.6
2020,6,male,14,352,9,Q95,314.8
2020,6,male,14,352,9,Q99,344.56
2020,8,male,15,349,8,Q1,23.75
2020,8,male,15,349,8,Q5,58.75
2020,8,male,15,349,8,Q10,102.5
2020,8,male,15,349,8,Q25,140
2020,8,male,15,349,8,Q50,182
2020,8,male,15,349,8,Q75,188
2020,8,male,15,349,8,Q90,206
2020,8,male,15,349,8,Q95,206
2020,8,male,15,349,8,Q99,206
2020,9_200,male,21,353,3,Q1,162
2020,9_200,male,21,353,3,Q5,162
2020,9_200,male,21,353,3,Q10,162
2020,9_200,male,21,353,3,Q25,162
2020,9_200,male,21,353,3,Q50,162
2020,9_200,male,21,353,3,Q75,225.5
2020,9_200,male,21,353,3,Q90,263.6
2020,9_200,male,21,353,3,Q95,276.3
2020,9_200,male,21,353,3,Q99,286.46
2020,10_214,female,21,353,3,Q1,164.54
2020,10_214,female,21,353,3,Q5,174.7
2020,10_214,female,21,353,3,Q10,187.4
2020,10_214,female,21,353,3,Q25,225.5
2020,10_214,female,21,353,3,Q50,289
2020,10_214,female,21,353,3,Q75,289
2020,10_214,female,21,353,3,Q90,289
2020,10_214,female,21,353,3,Q95,289
2020,10_214,female,21,353,3,Q99,289
2020,11_216,female,21,353,2,Q1,162.29
2020,11_216,female,21,353,2,Q5,163.45
2020,11_216,female,21,353,2,Q10,164.9
2020,11_216,female,21,353,2,Q25,169.25
2020,11_216,female,21,353,2,Q50,176.5
2020,11_216,female,21,353,2,Q75,183.75
2020,11_216,female,21,353,2,Q90,188.1
2020,11_216,female,21,353,2,Q95,189.55
2020,11_216,female,21,353,2,Q99,190.71
2020,1b,female,31,364,1,Q1,141
2020,1b,female,31,364,1,Q5,141
2020,1b,female,31,364,1,Q10,141
2020,1b,female,31,364,1,Q25,141
2020,1b,female,31,364,1,Q50,141
2020,1b,female,31,364,1,Q75,141
2020,1b,female,31,364,1,Q90,141
2020,1b,female,31,364,1,Q95,141
2020,1b,female,31,364,1,Q99,141
2020,2,female,15,330,6,Q1,176
2020,2,female,15,330,6,Q5,176
2020,2,female,15,330,6,Q10,176
2020,2,female,15,330,6,Q25,181.75
2020,2,female,15,330,6,Q50,208.5
2020,2,female,15,330,6,Q75,218
2020,2,female,15,330,6,Q90,218
2020,2,female,15,330,6,Q95,218
2020,2,female,15,330,6,Q99,218
2020,5,female,21,352,12,Q1,59.79
2020,5,female,21,352,12,Q5,98.95
2020,5,female,21,352,12,Q10,139
2020,5,female,21,352,12,Q25,139
2020,5,female,21,352,12,Q50,174
2020,5,female,21,352,12,Q75,217
2020,5,female,21,352,12,Q90,286.3
2020,5,female,21,352,12,Q95,289
2020,5,female,21,352,12,Q99,289
2020,6,female,14,352,9,Q1,56
2020,6,female,14,352,9,Q5,56
2020,6,female,14,352,9,Q10,56
2020,6,female,14,352,9,Q25,77
2020,6,female,14,352,9,Q50,147
2020,6,female,14,352,9,Q75,226
2020,6,female,14,352,9,Q90,277.6
2020,6,female,14,352,9,Q95,314.8
2020,6,female,14,352,9,Q99,344.56
2020,8,female,15,349,8,Q1,23.75
2020,8,female,15,349,8,Q5,58.75
2020,8,female,15,349,8,Q10,102.5
2020,8,female,15,349,8,Q25,140
2020,8,female,15,349,8,Q50,182
2020,8,female,15,349,8,Q75,188
2020,8,female,15,349,8,Q90,206
2020,8,female,15,349,8,Q95,206
2020,8,female,15,349,8,Q99,206
2020,9_200,female,21,353,3,Q1,162
2020,9_200,female,21,353,3,Q5,162
2020,9_200,female,21,353,3,Q10,162
2020,9_200,female,21,353,3,Q25,162
2020,9_200,female,21,353,3,Q50,162
2020,9_200,female,21,353,3,Q75,225.5
2020,9_200,female,21,353,3,Q90,263.6
2020,9_200,female,21,353,3,Q95,276.3
2020,9_200,female,21,353,3,Q99,286.46
2021,10_214,nymph,20,138,1,Q1,138
2021,10_214,nymph,20,138,1,Q5,138
2021,10_214,nymph,20,138,1,Q10,138
2021,10_214,nymph,20,138,1,Q25,138
2021,10_214,nymph,20,138,1,Q50,138
2021,10_214,nymph,20,138,1,Q75,138
2021,10_214,nymph,20,138,1,Q90,138
2021,10_214,nymph,20,138,1,Q95,138
2021,10_214,nymph,20,138,1,Q99,138
2021,1b,nymph,25,146,2,Q1,98.27
2021,1b,nymph,25,146,2,Q5,99.35
2021,1b,nymph,25,146,2,Q10,100.7
2021,1b,nymph,25,146,2,Q25,104.75
2021,1b,nymph,25,146,2,Q50,111.5
2021,1b,nymph,25,146,2,Q75,118.25
2021,1b,nymph,25,146,2,Q90,122.3
2021,1b,nymph,25,146,2,Q95,123.65
2021,1b,nymph,25,146,2,Q99,124.73
2021,2,nymph,36,161,2,Q1,140
2021,2,nymph,36,161,2,Q5,140
2021,2,nymph,36,161,2,Q10,140
2021,2,nymph,36,161,2,Q25,140
2021,2,nymph,36,161,2,Q50,140
2021,2,nymph,36,161,2,Q75,140
2021,2,nymph,36,161,2,Q90,140
2021,2,nymph,36,161,2,Q95,140
2021,2,nymph,36,161,2,Q99,140
2021,4,nymph,90,138,9,Q1,90
2021,4,nymph,90,138,9,Q5,90
2021,4,nymph,90,138,9,Q10,90
2021,4,nymph,90,138,9,Q25,90
2021,4,nymph,90,138,9,Q50,117
2021,4,nymph,90,138,9,Q75,117
2021,4,nymph,90,138,9,Q90,117
2021,4,nymph,90,138,9,Q95,117
2021,4,nymph,90,138,9,Q99,117
2021,5,nymph,19,140,3,Q1,76
2021,5,nymph,19,140,3,Q5,76
2021,5,nymph,19,140,3,Q10,76
2021,5,nymph,19,140,3,Q25,76
2021,5,nymph,19,140,3,Q50,76
2021,5,nymph,19,140,3,Q75,89.5
2021,5,nymph,19,140,3,Q90,97.6
2021,5,nymph,19,140,3,Q95,100.3
2021,5,nymph,19,140,3,Q99,102.46
2021,6,nymph,21,166,1,Q1,166
2021,6,nymph,21,166,1,Q5,166
2021,6,nymph,21,166,1,Q10,166
2021,6,nymph,21,166,1,Q25,166
2021,6,nymph,21,166,1,Q50,166
2021,6,nymph,21,166,1,Q75,166
2021,6,nymph,21,166,1,Q90,166
2021,6,nymph,21,166,1,Q95,166
2021,6,nymph,21,166,1,Q99,166
2021,7,nymph,21,166,1,Q1,21
2021,7,nymph,21,166,1,Q5,21
2021,7,nymph,21,166,1,Q10,21
2021,7,nymph,21,166,1,Q25,21
2021,7,nymph,21,166,1,Q50,21
2021,7,nymph,21,166,1,Q75,21
2021,7,nymph,21,166,1,Q90,21
2021,7,nymph,21,166,1,Q95,21
2021,7,nymph,21,166,1,Q99,21
2021,8,nymph,26,152,5,Q1,152
2021,8,nymph,26,152,5,Q5,152
2021,8,nymph,26,152,5,Q10,152
2021,8,nymph,26,152,5,Q25,152
2021,8,nymph,26,152,5,Q50,152
2021,8,nymph,26,152,5,Q75,152
2021,8,nymph,26,152,5,Q90,152
2021,8,nymph,26,152,5,Q95,152
2021,8,nymph,26,152,5,Q99,152
2021,9_200,nymph,20,138,1,Q1,83
2021,9_200,nymph,20,138,1,Q5,83
2021,9_200,nymph,20,138,1,Q10,83
2021,9_200,nymph,20,138,1,Q25,83
2021,9_200,nymph,20,138,1,Q50,83
2021,9_200,nymph,20,138,1,Q75,83
2021,9_200,nymph,20,138,1,Q90,83
2021,9_200,nymph,20,138,1,Q95,83
2021,9_200,nymph,20,138,1,Q99,83
2021,10_214,male,20,138,1,Q1,138
2021,10_214,male,20,138,1,Q5,138
2021,10_214,male,20,138,1,Q10,138
2021,10_214,male,20,138,1,Q25,138
2021,10_214,male,20,138,1,Q50,138
2021,10_214,male,20,138,1,Q75,138
2021,10_214,male,20,138,1,Q90,138
2021,10_214,male,20,138,1,Q95,138
2021,10_214,male,20,138,1,Q99,138
2021,1b,male,25,146,2,Q1,98.27
2021,1b,male,25,146,2,Q5,99.35
2021,1b,male,25,146,2,Q10,100.7
2021,1b,male,25,146,2,Q25,104.75
2021,1b,male,25,146,2,Q50,111.5
2021,1b,male,25,146,2,Q75,118.25
2021,1b,male,25,146,2,Q90,122.3
2021,1b,male,25,146,2,Q95,123.65
2021,1b,male,25,146,2,Q99,124.73
2021,2,male,36,161,2,Q1,140
2021,2,male,36,161,2,Q5,140
2021,2,male,36,161,2,Q10,140
2021,2,male,36,161,2,Q25,140
2021,2,male,36,161,2,Q50,140
2021,2,male,36,161,2,Q75,140
2021,2,male,36,161,2,Q90,140
2021,2,male,36,161,2,Q95,140
2021,2,male,36,161,2,Q99,140
2021,4,male,90,138,9,Q1,90
2021,4,male,90,138,9,Q5,90
2021,4,male,90,138,9,Q10,90
2021,4,male,90,138,9,Q25,90
2021,4,male,90,138,9,Q50,117
2021,4,male,90,138,9,Q75,117
2021,4,male,90,138,9,Q90,117
2021,4,male,90,138,9,Q95,117
2021,4,male,90,138,9,Q99,117
2021,5,male,19,140,3,Q1,76
2021,5,male,19,140,3,Q5,76
2021,5,male,19,140,3,Q10,76
2021,5,male,19,140,3,Q25,76
2021,5,male,19,140,3,Q50,76
2021,5,male,19,140,3,Q75,89.5
2021,5,male,19,140,3,Q90,97.6
2021,5,male,19,140,3,Q95,100.3
2021,5,male,19,140,3,Q99,102.46
2021,6,male,21,166,1,Q1,166
2021,6,male,21,166,1,Q5,166
2021,6,male,21,166,1,Q10,166
2021,6,male,21,166,1,Q25,166
2021,6,male,21,166,1,Q50,166
2021,6,male,21,166,1,Q75,166
2021,6,male,21,166,1,Q90,166
2021,6,male,21,166,1,Q95,166
2021,6,male,21,166,1,Q99,166
2021,7,male,21,166,1,Q1,21
2021,7,male,21,166,1,Q5,21
2021,7,male,21,166,1,Q10,21
2021,7,male,21,166,1,Q25,21
2021,7,male,21,166,1,Q50,21
2021,7,male,21,166,1,Q75,21
2021,7,male,21,166,1,Q90,21
2021,7,male,21,166,1,Q95,21
2021,7,male,21,166,1,Q99,21
2021,8,male,26,152,5,Q1,152
2021,8,male,26,152,5,Q5,152
2021,8,male,26,152,5,Q10,152
2021,8,male,26,152,5,Q25,152
2021,8,male,26,152,5,Q50,152
2021,8,male,26,152,5,Q75,152
2021,8,male,26,152,5,Q90,152
2021,8,male,26,152,5,Q95,152
2021,8,male,26,152,5,Q99,152
2021,9_200,male,20,138,1,Q1,83
2021,9_200,male,20,138,1,Q5,83
2021,9_200,male,20,138,1,Q10,83
2021,9_200,male,20,138,1,Q25,83
2021,9_200,male,20,138,1,Q50,83
2021,9_200,male,20,138,1,Q75,83
2021,9_200,male,20,138,1,Q90,83
2021,9_200,male,20,138,1,Q95,83
2021,9_200,male,20,138,1,Q99,83
2021,10_214,female,20,138,1,Q1,138
2021,10_214,female,20,138,1,Q5,138
2021,10_214,female,20,138,1,Q10,138
2021,10_214,female,20,138,1,Q25,138
2021,10_214,female,20,138,1,Q50,138
2021,10_214,female,20,138,1,Q75,138
2021,10_214,female,20,138,1,Q90,138
2021,10_214,female,20,138,1,Q95,138
2021,10_214,female,20,138,1,Q99,138
2021,1b,female,25,146,2,Q1,98.27
2021,1b,female,25,146,2,Q5,99.35
2021,1b,female,25,146,2,Q10,100.7
2021,1b,female,25,146,2,Q25,104.75
2021,1b,female,25,146,2,Q50,111.5
2021,1b,female,25,146,2,Q75,118.25
2021,1b,female,25,146,2,Q90,122.3
2021,1b,female,25,146,2,Q95,123.65
2021,1b,female,25,146,2,Q99,124.73
2021,2,female,36,161,2,Q1,140
2021,2,female,36,161,2,Q5,140
2021,2,female,36,161,2,Q10,140
2021,2,female,36,161,2,Q25,140
2021,2,female,36,161,2,Q50,140
2021,2,female,36,161,2,Q75,140
2021,2,female,36,161,2,Q90,140
2021,2,female,36,161,2,Q95,140
2021,2,female,36,161,2,Q99,140
2021,4,female,90,138,9,Q1,90
2021,4,female,90,138,9,Q5,90
2021,4,female,90,138,9,Q10,90
2021,4,female,90,138,9,Q25,90
2021,4,female,90,138,9,Q50,117
2021,4,female,90,138,9,Q75,117
2021,4,female,90,138,9,Q90,117
2021,4,female,90,138,9,Q95,117
2021,4,female,90,138,9,Q99,117
2021,5,female,19,140,3,Q1,76
2021,5,female,19,140,3,Q5,76
2021,5,female,19,140,3,Q10,76
2021,5,female,19,140,3,Q25,76
2021,5,female,19,140,3,Q50,76
2021,5,female,19,140,3,Q75,89.5
2021,5,female,19,140,3,Q90,97.6
2021,5,female,19,140,3,Q95,100.3
2021,5,female,19,140,3,Q99,102.46
2021,6,female,21,166,1,Q1,166
2021,6,female,21,166,1,Q5,166
2021,6,female,21,166,1,Q10,166
2021,6,female,21,166,1,Q25,166
2021,6,female,21,166,1,Q50,166
2021,6,female,21,166,1,Q75,166
2021,6,female,21,166,1,Q90,166
2021,6,female,21,166,1,Q95,166
2021,6,female,21,166,1,Q99,166
2021,7,female,21,166,1,Q1,21
2021,7,female,21,166,1,Q5,21
2021,7,female,21,166,1,Q10,21
2021,7,female,21,166,1,Q25,21
2021,7,female,21,166,1,Q50,21
2021,7,female,21,166,1,Q75,21
2021,7,female,21,166,1,Q90,21
2021,7,female,21,166,1,Q95,21
2021,7,female,21,166,1,Q99,21
2021,8,female,26,152,5,Q1,152
2021,8,female,26,152,5,Q5,152
2021,8,female,26,152,5,Q10,152
2021,8,female,26,152,5,Q25,152
2021,8,female,26,152,5,Q50,152
2021,8,female,26,152,5,Q75,152
2021,8,female,26,152,5,Q90,152
2021,8,female,26,152,5,Q95,152
2021,8,female,26,152,5,Q99,152
2021,9_200,female,20,138,1,Q1,83
2021,9_200,female,20,138,1,Q5,83
2021,9_200,female,20,138,1,Q10,83
2021,9_200,female,20,138,1,Q25,83
2021,9_200,female,20,138,1,Q50,83
2021,9_200,female,20,138,1,Q75,83
2021,9_200,female,20,138,1,Q90,83
2021,9_200,female,20,138,1,Q95,83
2021,9_200,female,20,138,1,Q99,83
2014,1a,nymph,97,346,23,Q1,97
2014,1a,nymph,97,346,23,Q5,97
2014,1a,nymph,97,346,23,Q10,97
2014,1a,nymph,97,346,23,Q25,146
2014,1a,nymph,97,346,23,Q50,156
2014,1a,nymph,97,346,23,Q75,156
2014,1a,nymph,97,346,23,Q90,234.8
2014,1a,nymph,97,346,23,Q95,266.5
2014,1a,nymph,97,346,23,Q99,269
2014,2,nymph,113,325,6,Q1,114.75
2014,2,nymph,113,325,6,Q5,121.75
2014,2,nymph,113,325,6,Q10,130.5
2014,2,nymph,113,325,6,Q25,160.25
2014,2,nymph,113,325,6,Q50,213.5
2014,2,nymph,113,325,6,Q75,257
2014,2,nymph,113,325,6,Q90,266
2014,2,nymph,113,325,6,Q95,266
2014,2,nymph,113,325,6,Q99,266
2014,4,nymph,106,295,10,Q1,106
2014,4,nymph,106,295,10,Q5,106
2014,4,nymph,106,295,10,Q10,106
2014,4,nymph,106,295,10,Q25,134
2014,4,nymph,106,295,10,Q50,176
2014,4,nymph,106,295,10,Q75,182
2014,4,nymph,106,295,10,Q90,193.3
2014,4,nymph,106,295,10,Q95,244.15
2014,4,nymph,106,295,10,Q99,284.83
2014,5,nymph,177,363,3,Q1,178.08
2014,5,nymph,177,363,3,Q5,182.4
2014,5,nymph,177,363,3,Q10,187.8
2014,5,nymph,177,363,3,Q25,204
2014,5,nymph,177,363,3,Q50,231
2014,5,nymph,177,363,3,Q75,263
2014,5,nymph,177,363,3,Q90,282.2
2014,5,nymph,177,363,3,Q95,288.6
2014,5,nymph,177,363,3,Q99,293.72
2014,6,nymph,114,329,14,Q1,114
2014,6,nymph,114,329,14,Q5,114
2014,6,nymph,114,329,14,Q10,114
2014,6,nymph,114,329,14,Q25,114
2014,6,nymph,114,329,14,Q50,143
2014,6,nymph,114,329,14,Q75,164
2014,6,nymph,114,329,14,Q90,329
2014,6,nymph,114,329,14,Q95,329
2014,6,nymph,114,329,14,Q99,329
2014,7,nymph,114,329,1,Q1,237
2014,7,nymph,114,329,1,Q5,237
2014,7,nymph,114,329,1,Q10,237
2014,7,nymph,114,329,1,Q25,237
2014,7,nymph,114,329,1,Q50,237
2014,7,nymph,114,329,1,Q75,237
2014,7,nymph,114,329,1,Q90,237
2014,7,nymph,114,329,1,Q95,237
2014,7,nymph,114,329,1,Q99,237
2014,8,nymph,197,323,1,Q1,197
2014,8,nymph,197,323,1,Q5,197
2014,8,nymph,197,323,1,Q10,197
2014,8,nymph,197,323,1,Q25,197
2014,8,nymph,197,323,1,Q50,197
2014,8,nymph,197,323,1,Q75,197
2014,8,nymph,197,323,1,Q90,197
2014,8,nymph,197,323,1,Q95,197
2014,8,nymph,197,323,1,Q99,197
2014,1a,male,97,346,23,Q1,97
2014,1a,male,97,346,23,Q5,97
2014,1a,male,97,346,23,Q10,97
2014,1a,male,97,346,23,Q25,146
2014,1a,male,97,346,23,Q50,156
2014,1a,male,97,346,23,Q75,156
2014,1a,male,97,346,23,Q90,234.8
2014,1a,male,97,346,23,Q95,266.5
2014,1a,male,97,346,23,Q99,269
2014,2,male,113,325,6,Q1,114.75
2014,2,male,113,325,6,Q5,121.75
2014,2,male,113,325,6,Q10,130.5
2014,2,male,113,325,6,Q25,160.25
2014,2,male,113,325,6,Q50,213.5
2014,2,male,113,325,6,Q75,257
2014,2,male,113,325,6,Q90,266
2014,2,male,113,325,6,Q95,266
2014,2,male,113,325,6,Q99,266
2014,4,male,106,295,10,Q1,106
2014,4,male,106,295,10,Q5,106
2014,4,male,106,295,10,Q10,106
2014,4,male,106,295,10,Q25,134
2014,4,male,106,295,10,Q50,176
2014,4,male,106,295,10,Q75,182
2014,4,male,106,295,10,Q90,193.3
2014,4,male,106,295,10,Q95,244.15
2014,4,male,106,295,10,Q99,284.83
2014,5,male,177,363,3,Q1,178.08
2014,5,male,177,363,3,Q5,182.4
2014,5,male,177,363,3,Q10,187.8
2014,5,male,177,363,3,Q25,204
2014,5,male,177,363,3,Q50,231
2014,5,male,177,363,3,Q75,263
2014,5,male,177,363,3,Q90,282.2
2014,5,male,177,363,3,Q95,288.6
2014,5,male,177,363,3,Q99,293.72
2014,6,male,114,329,14,Q1,114
2014,6,male,114,329,14,Q5,114
2014,6,male,114,329,14,Q10,114
2014,6,male,114,329,14,Q25,114
2014,6,male,114,329,14,Q50,143
2014,6,male,114,329,14,Q75,164
2014,6,male,114,329,14,Q90,329
2014,6,male,114,329,14,Q95,329
2014,6,male,114,329,14,Q99,329
2014,7,male,114,329,1,Q1,237
2014,7,male,114,329,1,Q5,237
2014,7,male,114,329,1,Q10,237
2014,7,male,114,329,1,Q25,237
2014,7,male,114,329,1,Q50,237
2014,7,male,114,329,1,Q75,237
2014,7,male,114,329,1,Q90,237
2014,7,male,114,329,1,Q95,237
2014,7,male,114,329,1,Q99,237
2014,8,male,197,323,1,Q1,197
2014,8,male,197,323,1,Q5,197
2014,8,male,197,323,1,Q10,197
2014,8,male,197,323,1,Q25,197
2014,8,male,197,323,1,Q50,197
2014,8,male,197,323,1,Q75,197
2014,8,male,197,323,1,Q90,197
2014,8,male,197,323,1,Q95,197
2014,8,male,197,323,1,Q99,197
2014,1a,female,97,346,23,Q1,97
2014,1a,female,97,346,23,Q5,97
2014,1a,female,97,346,23,Q10,97
2014,1a,female,97,346,23,Q25,146
2014,1a,female,97,346,23,Q50,156
2014,1a,female,97,346,23,Q75,156
2014,1a,female,97,346,23,Q90,234.8
2014,1a,female,97,346,23,Q95,266.5
2014,1a,female,97,346,23,Q99,269
2014,2,female,113,325,6,Q1,114.75
2014,2,female,113,325,6,Q5,121.75
2014,2,female,113,325,6,Q10,130.5
2014,2,female,113,325,6,Q25,160.25
2014,2,female,113,325,6,Q50,213.5
2014,2,female,113,325,6,Q75,257
2014,2,female,113,325,6,Q90,266
2014,2,female,113,325,6,Q95,266
2014,2,female,113,325,6,Q99,266
2014,4,female,106,295,10,Q1,106
2014,4,female,106,295,10,Q5,106
2014,4,female,106,295,10,Q10,106
2014,4,female,106,295,10,Q25,134
2014,4,female,106,295,10,Q50,176
2014,4,female,106,295,10,Q75,182
2014,4,female,106,295,10,Q90,193.3
2014,4,female,106,295,10,Q95,244.15
2014,4,female,106,295,10,Q99,284.83
2014,5,female,177,363,3,Q1,178.08
2014,5,female,177,363,3,Q5,182.4
2014,5,female,177,363,3,Q10,187.8
2014,5,female,177,363,3,Q25,204
2014,5,female,177,363,3,Q50,231
2014,5,female,177,363,3,Q75,263
2014,5,female,177,363,3,Q90,282.2
2014,5,female,177,363,3,Q95,288.6
2014,5,female,177,363,3,Q99,293.72
2014,6,female,114,329,14,Q1,114
2014,6,female,114,329,14,Q5,114
2014,6,female,114,329,14,Q10,114
2014,6,female,114,329,14,Q25,114
2014,6,female,114,329,14,Q50,143
2014,6,female,114,329,14,Q75,164
2014,6,female,114,329,14,Q90,329
2014,6,female,114,329,14,Q95,329
2014,6,female,114,329,14,Q99,329
2014,7,female,114,329,1,Q1,237
2014,7,female,114,329,1,Q5,237
2014,7,female,114,329,1,Q10,237
2014,7,female,114,329,1,Q25,237
2014,7,female,114,329,1,Q50,237
2014,7,female,114,329,1,Q75,237
2014,7,female,114,329,1,Q90,237
2014,7,female,114,329,1,Q95,237
2014,7,female,114,329,1,Q99,237
2014,8,female,197,323,1,Q1,197
2014,8,female,197,323,1,Q5,197
2014,8,female,197,323,1,Q10,197
2014,8,female,197,323,1,Q25,197
2014,8,female,197,323,1,Q50,197
2014,8,female,197,323,1,Q75,197
2014,8,female,197,323,1,Q90,197
2014,8,female,197,323,1,Q95,197
2014,8,female,197,323,1,Q99,197
2015,1a,nymph,15,351,17,Q1,79.68
2015,1a,nymph,15,351,17,Q5,110.4
2015,1a,nymph,15,351,17,Q10,120
2015,1a,nymph,15,351,17,Q25,120
2015,1a,nymph,15,351,17,Q50,148
2015,1a,nymph,15,351,17,Q75,180
2015,1a,nymph,15,351,17,Q90,191.2
2015,1a,nymph,15,351,17,Q95,236.6
2015,1a,nymph,15,351,17,Q99,328.12
2015,2,nymph,77,343,1,Q1,133
2015,2,nymph,77,343,1,Q5,133
2015,2,nymph,77,343,1,Q10,133
2015,2,nymph,77,343,1,Q25,133
2015,2,nymph,77,343,1,Q50,133
2015,2,nymph,77,343,1,Q75,133
2015,2,nymph,77,343,1,Q90,133
2015,2,nymph,77,343,1,Q95,133
2015,2,nymph,77,343,1,Q99,133
2015,4,nymph,29,330,17,Q1,71
2015,4,nymph,29,330,17,Q5,71
2015,4,nymph,29,330,17,Q10,95
2015,4,nymph,29,330,17,Q25,141
2015,4,nymph,29,330,17,Q50,167
2015,4,nymph,29,330,17,Q75,167
2015,4,nymph,29,330,17,Q90,203
2015,4,nymph,29,330,17,Q95,222.4
2015,4,nymph,29,330,17,Q99,284.48
2015,5,nymph,27,355,5,Q1,81.08
2015,5,nymph,27,355,5,Q5,101.4
2015,5,nymph,27,355,5,Q10,126.8
2015,5,nymph,27,355,5,Q25,203
2015,5,nymph,27,355,5,Q50,264
2015,5,nymph,27,355,5,Q75,296
2015,5,nymph,27,355,5,Q90,331.4
2015,5,nymph,27,355,5,Q95,343.2
2015,5,nymph,27,355,5,Q99,352.64
2015,6,nymph,23,350,23,Q1,23
2015,6,nymph,23,350,23,Q5,29.2
2015,6,nymph,23,350,23,Q10,85
2015,6,nymph,23,350,23,Q25,142
2015,6,nymph,23,350,23,Q50,142
2015,6,nymph,23,350,23,Q75,174
2015,6,nymph,23,350,23,Q90,209
2015,6,nymph,23,350,23,Q95,316.1
2015,6,nymph,23,350,23,Q99,345.16
2015,7,nymph,23,350,9,Q1,112
2015,7,nymph,23,350,9,Q5,112
2015,7,nymph,23,350,9,Q10,112
2015,7,nymph,23,350,9,Q25,142
2015,7,nymph,23,350,9,Q50,142
2015,7,nymph,23,350,9,Q75,174
2015,7,nymph,23,350,9,Q90,273.6
2015,7,nymph,23,350,9,Q95,284.8
2015,7,nymph,23,350,9,Q99,293.76
2015,8,nymph,21,336,11,Q1,113
2015,8,nymph,21,336,11,Q5,113
2015,8,nymph,21,336,11,Q10,113
2015,8,nymph,21,336,11,Q25,133
2015,8,nymph,21,336,11,Q50,159
2015,8,nymph,21,336,11,Q75,225.5
2015,8,nymph,21,336,11,Q90,292
2015,8,nymph,21,336,11,Q95,314
2015,8,nymph,21,336,11,Q99,331.6
2015,1a,male,15,351,17,Q1,79.68
2015,1a,male,15,351,17,Q5,110.4
2015,1a,male,15,351,17,Q10,120
2015,1a,male,15,351,17,Q25,120
2015,1a,male,15,351,17,Q50,148
2015,1a,male,15,351,17,Q75,180
2015,1a,male,15,351,17,Q90,191.2
2015,1a,male,15,351,17,Q95,236.6
2015,1a,male,15,351,17,Q99,328.12
2015,2,male,77,343,1,Q1,133
2015,2,male,77,343,1,Q5,133
2015,2,male,77,343,1,Q10,133
2015,2,male,77,343,1,Q25,133
2015,2,male,77,343,1,Q50,133
2015,2,male,77,343,1,Q75,133
2015,2,male,77,343,1,Q90,133
2015,2,male,77,343,1,Q95,133
2015,2,male,77,343,1,Q99,133
2015,4,male,29,330,17,Q1,71
2015,4,male,29,330,17,Q5,71
2015,4,male,29,330,17,Q10,95
2015,4,male,29,330,17,Q25,141
2015,4,male,29,330,17,Q50,167
2015,4,male,29,330,17,Q75,167
2015,4,male,29,330,17,Q90,203
2015,4,male,29,330,17,Q95,222.4
2015,4,male,29,330,17,Q99,284.48
2015,5,male,27,355,5,Q1,81.08
2015,5,male,27,355,5,Q5,101.4
2015,5,male,27,355,5,Q10,126.8
2015,5,male,27,355,5,Q25,203
2015,5,male,27,355,5,Q50,264
2015,5,male,27,355,5,Q75,296
2015,5,male,27,355,5,Q90,331.4
2015,5,male,27,355,5,Q95,343.2
2015,5,male,27,355,5,Q99,352.64
2015,6,male,23,350,23,Q1,23
2015,6,male,23,350,23,Q5,29.2
2015,6,male,23,350,23,Q10,85
2015,6,male,23,350,23,Q25,142
2015,6,male,23,350,23,Q50,142
2015,6,male,23,350,23,Q75,174
2015,6,male,23,350,23,Q90,209
2015,6,male,23,350,23,Q95,316.1
2015,6,male,23,350,23,Q99,345.16
2015,7,male,23,350,9,Q1,112
2015,7,male,23,350,9,Q5,112
2015,7,male,23,350,9,Q10,112
2015,7,male,23,350,9,Q25,142
2015,7,male,23,350,9,Q50,142
2015,7,male,23,350,9,Q75,174
2015,7,male,23,350,9,Q90,273.6
2015,7,male,23,350,9,Q95,284.8
2015,7,male,23,350,9,Q99,293.76
2015,8,male,21,336,11,Q1,113
2015,8,male,21,336,11,Q5,113
2015,8,male,21,336,11,Q10,113
2015,8,male,21,336,11,Q25,133
2015,8,male,21,336,11,Q50,159
2015,8,male,21,336,11,Q75,225.5
2015,8,male,21,336,11,Q90,292
2015,8,male,21,336,11,Q95,314
2015,8,male,21,336,11,Q99,331.6
2015,1a,female,15,351,17,Q1,79.68
2015,1a,female,15,351,17,Q5,110.4
2015,1a,female,15,351,17,Q10,120
2015,1a,female,15,351,17,Q25,120
2015,1a,female,15,351,17,Q50,148
2015,1a,female,15,351,17,Q75,180
2015,1a,female,15,351,17,Q90,191.2
2015,1a,female,15,351,17,Q95,236.6
2015,1a,female,15,351,17,Q99,328.12
2015,2,female,77,343,1,Q1,133
2015,2,female,77,343,1,Q5,133
2015,2,female,77,343,1,Q10,133
2015,2,female,77,343,1,Q25,133
2015,2,female,77,343,1,Q50,133
2015,2,female,77,343,1,Q75,133
2015,2,female,77,343,1,Q90,133
2015,2,female,77,343,1,Q95,133
2015,2,female,77,343,1,Q99,133
2015,4,female,29,330,17,Q1,71
2015,4,female,29,330,17,Q5,71
2015,4,female,29,330,17,Q10,95
2015,4,female,29,330,17,Q25,141
2015,4,female,29,330,17,Q50,167
2015,4,female,29,330,17,Q75,167
2015,4,female,29,330,17,Q90,203
2015,4,female,29,330,17,Q95,222.4
2015,4,female,29,330,17,Q99,284.48
2015,5,female,27,355,5,Q1,81.08
2015,5,female,27,355,5,Q5,101.4
2015,5,female,27,355,5,Q10,126.8
2015,5,female,27,355,5,Q25,203
2015,5,female,27,355,5,Q50,264
2015,5,female,27,355,5,Q75,296
2015,5,female,27,355,5,Q90,331.4
2015,5,female,27,355,5,Q95,343.2
2015,5,female,27,355,5,Q99,352.64
2015,6,female,23,350,23,Q1,23
2015,6,female,23,350,23,Q5,29.2
2015,6,female,23,350,23,Q10,85
2015,6,female,23,350,23,Q25,142
2015,6,female,23,350,23,Q50,142
2015,6,female,23,350,23,Q75,174
2015,6,female,23,350,23,Q90,209
2015,6,female,23,350,23,Q95,316.1
2015,6,female,23,350,23,Q99,345.16
2015,7,female,23,350,9,Q1,112
2015,7,female,23,350,9,Q5,112
2015,7,female,23,350,9,Q10,112
2015,7,female,23,350,9,Q25,142
2015,7,female,23,350,9,Q50,142
2015,7,female,23,350,9,Q75,174
2015,7,female,23,350,9,Q90,273.6
2015,7,female,23,350,9,Q95,284.8
2015,7,female,23,350,9,Q99,293.76
2015,8,female,21,336,11,Q1,113
2015,8,female,21,336,11,Q5,113
2015,8,female,21,336,11,Q10,113
2015,8,female,21,336,11,Q25,133
2015,8,female,21,336,11,Q50,159
2015,8,female,21,336,11,Q75,225.5
2015,8,female,21,336,11,Q90,292
2015,8,female,21,336,11,Q95,314
2015,8,female,21,336,11,Q99,331.6
2016,1a,nymph,25,237,11,Q1,55.2
2016,1a,nymph,25,237,11,Q5,80
2016,1a,nymph,25,237,11,Q10,111
2016,1a,nymph,25,237,11,Q25,147
2016,1a,nymph,25,237,11,Q50,147
2016,1a,nymph,25,237,11,Q75,169
2016,1a,nymph,25,237,11,Q90,169
2016,1a,nymph,25,237,11,Q95,188.5
2016,1a,nymph,25,237,11,Q99,204.1
2016,2,nymph,27,335,4,Q1,146.05
2016,2,nymph,27,335,4,Q5,150.25
2016,2,nymph,27,335,4,Q10,155.5
2016,2,nymph,27,335,4,Q25,171.25
2016,2,nymph,27,335,4,Q50,222
2016,2,nymph,27,335,4,Q75,271.75
2016,2,nymph,27,335,4,Q90,285.7
2016,2,nymph,27,335,4,Q95,290.35
2016,2,nymph,27,335,4,Q99,294.07
2016,4,nymph,28,278,1,Q1,188
2016,4,nymph,28,278,1,Q5,188
2016,4,nymph,28,278,1,Q10,188
2016,4,nymph,28,278,1,Q25,188
2016,4,nymph,28,278,1,Q50,188
2016,4,nymph,28,278,1,Q75,188
2016,4,nymph,28,278,1,Q90,188
2016,4,nymph,28,278,1,Q95,188
2016,4,nymph,28,278,1,Q99,188
2016,5,nymph,25,355,11,Q1,30.1
2016,5,nymph,25,355,11,Q5,50.5
2016,5,nymph,25,355,11,Q10,76
2016,5,nymph,25,355,11,Q25,110
2016,5,nymph,25,355,11,Q50,145
2016,5,nymph,25,355,11,Q75,160.5
2016,5,nymph,25,355,11,Q90,176
2016,5,nymph,25,355,11,Q95,189.5
2016,5,nymph,25,355,11,Q99,200.3
2016,6,nymph,26,351,12,Q1,84
2016,6,nymph,26,351,12,Q5,84
2016,6,nymph,26,351,12,Q10,84
2016,6,nymph,26,351,12,Q25,84
2016,6,nymph,26,351,12,Q50,238.5
2016,6,nymph,26,351,12,Q75,308.75
2016,6,nymph,26,351,12,Q90,348.8
2016,6,nymph,26,351,12,Q95,351
2016,6,nymph,26,351,12,Q99,351
2016,7,nymph,26,351,6,Q1,58.35
2016,7,nymph,26,351,6,Q5,63.75
2016,7,nymph,26,351,6,Q10,70.5
2016,7,nymph,26,351,6,Q25,84
2016,7,nymph,26,351,6,Q50,129.5
2016,7,nymph,26,351,6,Q75,290.5
2016,7,nymph,26,351,6,Q90,340
2016,7,nymph,26,351,6,Q95,345.5
2016,7,nymph,26,351,6,Q99,349.9
2016,8,nymph,25,347,3,Q1,102.56
2016,8,nymph,25,347,3,Q5,104.8
2016,8,nymph,25,347,3,Q10,107.6
2016,8,nymph,25,347,3,Q25,116
2016,8,nymph,25,347,3,Q50,130
2016,8,nymph,25,347,3,Q75,162
2016,8,nymph,25,347,3,Q90,181.2
2016,8,nymph,25,347,3,Q95,187.6
2016,8,nymph,25,347,3,Q99,192.72
2016,1a,male,25,237,11,Q1,55.2
2016,1a,male,25,237,11,Q5,80
2016,1a,male,25,237,11,Q10,111
2016,1a,male,25,237,11,Q25,147
2016,1a,male,25,237,11,Q50,147
2016,1a,male,25,237,11,Q75,169
2016,1a,male,25,237,11,Q90,169
2016,1a,male,25,237,11,Q95,188.5
2016,1a,male,25,237,11,Q99,204.1
2016,2,male,27,335,4,Q1,146.05
2016,2,male,27,335,4,Q5,150.25
2016,2,male,27,335,4,Q10,155.5
2016,2,male,27,335,4,Q25,171.25
2016,2,male,27,335,4,Q50,222
2016,2,male,27,335,4,Q75,271.75
2016,2,male,27,335,4,Q90,285.7
2016,2,male,27,335,4,Q95,290.35
2016,2,male,27,335,4,Q99,294.07
2016,4,male,28,278,1,Q1,188
2016,4,male,28,278,1,Q5,188
2016,4,male,28,278,1,Q10,188
2016,4,male,28,278,1,Q25,188
2016,4,male,28,278,1,Q50,188
2016,4,male,28,278,1,Q75,188
2016,4,male,28,278,1,Q90,188
2016,4,male,28,278,1,Q95,188
2016,4,male,28,278,1,Q99,188
2016,5,male,25,355,11,Q1,30.1
2016,5,male,25,355,11,Q5,50.5
2016,5,male,25,355,11,Q10,76
2016,5,male,25,355,11,Q25,110
2016,5,male,25,355,11,Q50,145
2016,5,male,25,355,11,Q75,160.5
2016,5,male,25,355,11,Q90,176
2016,5,male,25,355,11,Q95,189.5
2016,5,male,25,355,11,Q99,200.3
2016,6,male,26,351,12,Q1,84
2016,6,male,26,351,12,Q5,84
2016,6,male,26,351,12,Q10,84
2016,6,male,26,351,12,Q25,84
2016,6,male,26,351,12,Q50,238.5
2016,6,male,26,351,12,Q75,308.75
2016,6,male,26,351,12,Q90,348.8
2016,6,male,26,351,12,Q95,351
2016,6,male,26,351,12,Q99,351
2016,7,male,26,351,6,Q1,58.35
2016,7,male,26,351,6,Q5,63.75
2016,7,male,26,351,6,Q10,70.5
2016,7,male,26,351,6,Q25,84
2016,7,male,26,351,6,Q50,129.5
2016,7,male,26,351,6,Q75,290.5
2016,7,male,26,351,6,Q90,340
2016,7,male,26,351,6,Q95,345.5
2016,7,male,26,351,6,Q99,349.9
2016,8,male,25,347,3,Q1,102.56
2016,8,male,25,347,3,Q5,104.8
2016,8,male,25,347,3,Q10,107.6
2016,8,male,25,347,3,Q25,116
2016,8,male,25,347,3,Q50,130
2016,8,male,25,347,3,Q75,162
2016,8,male,25,347,3,Q90,181.2
2016,8,male,25,347,3,Q95,187.6
2016,8,male,25,347,3,Q99,192.72
2016,1a,female,25,237,11,Q1,55.2
2016,1a,female,25,237,11,Q5,80
2016,1a,female,25,237,11,Q10,111
2016,1a,female,25,237,11,Q25,147
2016,1a,female,25,237,11,Q50,147
2016,1a,female,25,237,11,Q75,169
2016,1a,female,25,237,11,Q90,169
2016,1a,female,25,237,11,Q95,188.5
2016,1a,female,25,237,11,Q99,204.1
2016,2,female,27,335,4,Q1,146.05
2016,2,female,27,335,4,Q5,150.25
2016,2,female,27,335,4,Q10,155.5
2016,2,female,27,335,4,Q25,171.25
2016,2,female,27,335,4,Q50,222
2016,2,female,27,335,4,Q75,271.75
2016,2,female,27,335,4,Q90,285.7
2016,2,female,27,335,4,Q95,290.35
2016,2,female,27,335,4,Q99,294.07
2016,4,female,28,278,1,Q1,188
2016,4,female,28,278,1,Q5,188
2016,4,female,28,278,1,Q10,188
2016,4,female,28,278,1,Q25,188
2016,4,female,28,278,1,Q50,188
2016,4,female,28,278,1,Q75,188
2016,4,female,28,278,1,Q90,188
2016,4,female,28,278,1,Q95,188
2016,4,female,28,278,1,Q99,188
2016,5,female,25,355,11,Q1,30.1
2016,5,female,25,355,11,Q5,50.5
2016,5,female,25,355,11,Q10,76
2016,5,female,25,355,11,Q25,110
2016,5,female,25,355,11,Q50,145
2016,5,female,25,355,11,Q75,160.5
2016,5,female,25,355,11,Q90,176
2016,5,female,25,355,11,Q95,189.5
2016,5,female,25,355,11,Q99,200.3
2016,6,female,26,351,12,Q1,84
2016,6,female,26,351,12,Q5,84
2016,6,female,26,351,12,Q10,84
2016,6,female,26,351,12,Q25,84
2016,6,female,26,351,12,Q50,238.5
2016,6,female,26,351,12,Q75,308.75
2016,6,female,26,351,12,Q90,348.8
2016,6,female,26,351,12,Q95,351
2016,6,female,26,351,12,Q99,351
2016,7,female,26,351,6,Q1,58.35
2016,7,female,26,351,6,Q5,63.75
2016,7,female,26,351,6,Q10,70.5
2016,7,female,26,351,6,Q25,84
2016,7,female,26,351,6,Q50,129.5
2016,7,female,26,351,6,Q75,290.5
2016,7,female,26,351,6,Q90,340
2016,7,female,26,351,6,Q95,345.5
2016,7,female,26,351,6,Q99,349.9
2016,8,female,25,347,3,Q1,102.56
2016,8,female,25,347,3,Q5,104.8
2016,8,female,25,347,3,Q10,107.6
2016,8,female,25,347,3,Q25,116
2016,8,female,25,347,3,Q50,130
2016,8,female,25,347,3,Q75,162
2016,8,female,25,347,3,Q90,181.2
2016,8,female,25,347,3,Q95,187.6
2016,8,female,25,347,3,Q99,192.72
2017,1b,nymph,111,340,15,Q1,173
2017,1b,nymph,111,340,15,Q5,173
2017,1b,nymph,111,340,15,Q10,173
2017,1b,nymph,111,340,15,Q25,173
2017,1b,nymph,111,340,15,Q50,173
2017,1b,nymph,111,340,15,Q75,184
2017,1b,nymph,111,340,15,Q90,218.2
2017,1b,nymph,111,340,15,Q95,247.9
2017,1b,nymph,111,340,15,Q99,260.78
2017,2,nymph,51,326,3,Q1,135.84
2017,2,nymph,51,326,3,Q5,139.2
2017,2,nymph,51,326,3,Q10,143.4
2017,2,nymph,51,326,3,Q25,156
2017,2,nymph,51,326,3,Q50,177
2017,2,nymph,51,326,3,Q75,188.5
2017,2,nymph,51,326,3,Q90,195.4
2017,2,nymph,51,326,3,Q95,197.7
2017,2,nymph,51,326,3,Q99,199.54
2017,5,nymph,18,353,10,Q1,77.33
2017,5,nymph,18,353,10,Q5,90.65
2017,5,nymph,18,353,10,Q10,107.3
2017,5,nymph,18,353,10,Q25,117.25
2017,5,nymph,18,353,10,Q50,136
2017,5,nymph,18,353,10,Q75,177
2017,5,nymph,18,353,10,Q90,270.2
2017,5,nymph,18,353,10,Q95,311.6
2017,5,nymph,18,353,10,Q99,344.72
2017,6,nymph,26,355,12,Q1,55.42
2017,6,nymph,26,355,12,Q5,65.1
2017,6,nymph,26,355,12,Q10,75
2017,6,nymph,26,355,12,Q25,75
2017,6,nymph,26,355,12,Q50,110
2017,6,nymph,26,355,12,Q75,150.75
2017,6,nymph,26,355,12,Q90,256.2
2017,6,nymph,26,355,12,Q95,291.9
2017,6,nymph,26,355,12,Q99,319.18
2017,7,nymph,26,355,13,Q1,59.84
2017,7,nymph,26,355,13,Q5,87.2
2017,7,nymph,26,355,13,Q10,110
2017,7,nymph,26,355,13,Q25,110
2017,7,nymph,26,355,13,Q50,139
2017,7,nymph,26,355,13,Q75,139
2017,7,nymph,26,355,13,Q90,158
2017,7,nymph,26,355,13,Q95,200.4
2017,7,nymph,26,355,13,Q99,251.28
2017,8,nymph,46,326,9,Q1,110
2017,8,nymph,46,326,9,Q5,110
2017,8,nymph,46,326,9,Q10,110
2017,8,nymph,46,326,9,Q25,110
2017,8,nymph,46,326,9,Q50,151
2017,8,nymph,46,326,9,Q75,151
2017,8,nymph,46,326,9,Q90,203.6
2017,8,nymph,46,326,9,Q95,222.8
2017,8,nymph,46,326,9,Q99,238.16
2017,1b,male,111,340,15,Q1,173
2017,1b,male,111,340,15,Q5,173
2017,1b,male,111,340,15,Q10,173
2017,1b,male,111,340,15,Q25,173
2017,1b,male,111,340,15,Q50,173
2017,1b,male,111,340,15,Q75,184
2017,1b,male,111,340,15,Q90,218.2
2017,1b,male,111,340,15,Q95,247.9
2017,1b,male,111,340,15,Q99,260.78
2017,2,male,51,326,3,Q1,135.84
2017,2,male,51,326,3,Q5,139.2
2017,2,male,51,326,3,Q10,143.4
2017,2,male,51,326,3,Q25,156
2017,2,male,51,326,3,Q50,177
2017,2,male,51,326,3,Q75,188.5
2017,2,male,51,326,3,Q90,195.4
2017,2,male,51,326,3,Q95,197.7
2017,2,male,51,326,3,Q99,199.54
2017,5,male,18,353,10,Q1,77.33
2017,5,male,18,353,10,Q5,90.65
2017,5,male,18,353,10,Q10,107.3
2017,5,male,18,353,10,Q25,117.25
2017,5,male,18,353,10,Q50,136
2017,5,male,18,353,10,Q75,177
2017,5,male,18,353,10,Q90,270.2
2017,5,male,18,353,10,Q95,311.6
2017,5,male,18,353,10,Q99,344.72
2017,6,male,26,355,12,Q1,55.42
2017,6,male,26,355,12,Q5,65.1
2017,6,male,26,355,12,Q10,75
2017,6,male,26,355,12,Q25,75
2017,6,male,26,355,12,Q50,110
2017,6,male,26,355,12,Q75,150.75
2017,6,male,26,355,12,Q90,256.2
2017,6,male,26,355,12,Q95,291.9
2017,6,male,26,355,12,Q99,319.18
2017,7,male,26,355,13,Q1,59.84
2017,7,male,26,355,13,Q5,87.2
2017,7,male,26,355,13,Q10,110
2017,7,male,26,355,13,Q25,110
2017,7,male,26,355,13,Q50,139
2017,7,male,26,355,13,Q75,139
2017,7,male,26,355,13,Q90,158
2017,7,male,26,355,13,Q95,200.4
2017,7,male,26,355,13,Q99,251.28
2017,8,male,46,326,9,Q1,110
2017,8,male,46,326,9,Q5,110
2017,8,male,46,326,9,Q10,110
2017,8,male,46,326,9,Q25,110
2017,8,male,46,326,9,Q50,151
2017,8,male,46,326,9,Q75,151
2017,8,male,46,326,9,Q90,203.6
2017,8,male,46,326,9,Q95,222.8
2017,8,male,46,326,9,Q99,238.16
2017,1b,female,111,340,15,Q1,173
2017,1b,female,111,340,15,Q5,173
2017,1b,female,111,340,15,Q10,173
2017,1b,female,111,340,15,Q25,173
2017,1b,female,111,340,15,Q50,173
2017,1b,female,111,340,15,Q75,184
2017,1b,female,111,340,15,Q90,218.2
2017,1b,female,111,340,15,Q95,247.9
2017,1b,female,111,340,15,Q99,260.78
2017,2,female,51,326,3,Q1,135.84
2017,2,female,51,326,3,Q5,139.2
2017,2,female,51,326,3,Q10,143.4
2017,2,female,51,326,3,Q25,156
2017,2,female,51,326,3,Q50,177
2017,2,female,51,326,3,Q75,188.5
2017,2,female,51,326,3,Q90,195.4
2017,2,female,51,326,3,Q95,197.7
2017,2,female,51,326,3,Q99,199.54
2017,5,female,18,353,10,Q1,77.33
2017,5,female,18,353,10,Q5,90.65
2017,5,female,18,353,10,Q10,107.3
2017,5,female,18,353,10,Q25,117.25
2017,5,female,18,353,10,Q50,136
2017,5,female,18,353,10,Q75,177
2017,5,female,18,353,10,Q90,270.2
2017,5,female,18,353,10,Q95,311.6
2017,5,female,18,353,10,Q99,344.72
2017,6,female,26,355,12,Q1,55.42
2017,6,female,26,355,12,Q5,65.1
2017,6,female,26,355,12,Q10,75
2017,6,female,26,355,12,Q25,75
2017,6,female,26,355,12,Q50,110
2017,6,female,26,355,12,Q75,150.75
2017,6,female,26,355,12,Q90,256.2
2017,6,female,26,355,12,Q95,291.9
2017,6,female,26,355,12,Q99,319.18
2017,7,female,26,355,13,Q1,59.84
2017,7,female,26,355,13,Q5,87.2
2017,7,female,26,355,13,Q10,110
2017,7,female,26,355,13,Q25,110
2017,7,female,26,355,13,Q50,139
2017,7,female,26,355,13,Q75,139
2017,7,female,26,355,13,Q90,158
2017,7,female,26,355,13,Q95,200.4
2017,7,female,26,355,13,Q99,251.28
2017,8,female,46,326,9,Q1,110
2017,8,female,46,326,9,Q5,110
2017,8,female,46,326,9,Q10,110
2017,8,female,46,326,9,Q25,110
2017,8,female,46,326,9,Q50,151
2017,8,female,46,326,9,Q75,151
2017,8,female,46,326,9,Q90,203.6
2017,8,female,46,326,9,Q95,222.8
2017,8,female,46,326,9,Q99,238.16
2018,1b,nymph,24,318,8,Q1,88
2018,1b,nymph,24,318,8,Q5,88
2018,1b,nymph,24,318,8,Q10,88
2018,1b,nymph,24,318,8,Q25,108.25
2018,1b,nymph,24,318,8,Q50,115
2018,1b,nymph,24,318,8,Q75,161.75
2018,1b,nymph,24,318,8,Q90,179
2018,1b,nymph,24,318,8,Q95,179
2018,1b,nymph,24,318,8,Q99,179
2018,2,nymph,93,339,8,Q1,95.03
2018,2,nymph,93,339,8,Q5,103.15
2018,2,nymph,93,339,8,Q10,113.3
2018,2,nymph,93,339,8,Q25,122
2018,2,nymph,93,339,8,Q50,170.5
2018,2,nymph,93,339,8,Q75,227.5
2018,2,nymph,93,339,8,Q90,261.7
2018,2,nymph,93,339,8,Q95,271.85
2018,2,nymph,93,339,8,Q99,279.97
2018,4,nymph,123,334,5,Q1,123
2018,4,nymph,123,334,5,Q5,123
2018,4,nymph,123,334,5,Q10,123
2018,4,nymph,123,334,5,Q25,123
2018,4,nymph,123,334,5,Q50,123
2018,4,nymph,123,334,5,Q75,171
2018,4,nymph,123,334,5,Q90,171
2018,4,nymph,123,334,5,Q95,171
2018,4,nymph,123,334,5,Q99,171
2018,5,nymph,17,351,18,Q1,56.76
2018,5,nymph,17,351,18,Q5,75.8
2018,5,nymph,17,351,18,Q10,80
2018,5,nymph,17,351,18,Q25,109
2018,5,nymph,17,351,18,Q50,138
2018,5,nymph,17,351,18,Q75,162
2018,5,nymph,17,351,18,Q90,180.5
2018,5,nymph,17,351,18,Q95,209.2
2018,5,nymph,17,351,18,Q99,228.24
2018,6,nymph,25,353,9,Q1,81.32
2018,6,nymph,25,353,9,Q5,90.6
2018,6,nymph,25,353,9,Q10,102.2
2018,6,nymph,25,353,9,Q25,108
2018,6,nymph,25,353,9,Q50,108
2018,6,nymph,25,353,9,Q75,165
2018,6,nymph,25,353,9,Q90,165
2018,6,nymph,25,353,9,Q95,165
2018,6,nymph,25,353,9,Q99,165
2018,7,nymph,25,353,1,Q1,165
2018,7,nymph,25,353,1,Q5,165
2018,7,nymph,25,353,1,Q10,165
2018,7,nymph,25,353,1,Q25,165
2018,7,nymph,25,353,1,Q50,165
2018,7,nymph,25,353,1,Q75,165
2018,7,nymph,25,353,1,Q90,165
2018,7,nymph,25,353,1,Q95,165
2018,7,nymph,25,353,1,Q99,165
2018,8,nymph,31,347,2,Q1,116
2018,8,nymph,31,347,2,Q5,116
2018,8,nymph,31,347,2,Q10,116
2018,8,nymph,31,347,2,Q25,116
2018,8,nymph,31,347,2,Q50,116
2018,8,nymph,31,347,2,Q75,116
2018,8,nymph,31,347,2,Q90,116
2018,8,nymph,31,347,2,Q95,116
2018,8,nymph,31,347,2,Q99,116
2018,1b,male,24,318,8,Q1,88
2018,1b,male,24,318,8,Q5,88
2018,1b,male,24,318,8,Q10,88
2018,1b,male,24,318,8,Q25,108.25
2018,1b,male,24,318,8,Q50,115
2018,1b,male,24,318,8,Q75,161.75
2018,1b,male,24,318,8,Q90,179
2018,1b,male,24,318,8,Q95,179
2018,1b,male,24,318,8,Q99,179
2018,2,male,93,339,8,Q1,95.03
2018,2,male,93,339,8,Q5,103.15
2018,2,male,93,339,8,Q10,113.3
2018,2,male,93,339,8,Q25,122
2018,2,male,93,339,8,Q50,170.5
2018,2,male,93,339,8,Q75,227.5
2018,2,male,93,339,8,Q90,261.7
2018,2,male,93,339,8,Q95,271.85
2018,2,male,93,339,8,Q99,279.97
2018,4,male,123,334,5,Q1,123
2018,4,male,123,334,5,Q5,123
2018,4,male,123,334,5,Q10,123
2018,4,male,123,334,5,Q25,123
2018,4,male,123,334,5,Q50,123
2018,4,male,123,334,5,Q75,171
2018,4,male,123,334,5,Q90,171
2018,4,male,123,334,5,Q95,171
2018,4,male,123,334,5,Q99,171
2018,5,male,17,351,18,Q1,56.76
2018,5,male,17,351,18,Q5,75.8
2018,5,male,17,351,18,Q10,80
2018,5,male,17,351,18,Q25,109
2018,5,male,17,351,18,Q50,138
2018,5,male,17,351,18,Q75,162
2018,5,male,17,351,18,Q90,180.5
2018,5,male,17,351,18,Q95,209.2
2018,5,male,17,351,18,Q99,228.24
2018,6,male,25,353,9,Q1,81.32
2018,6,male,25,353,9,Q5,90.6
2018,6,male,25,353,9,Q10,102.2
2018,6,male,25,353,9,Q25,108
2018,6,male,25,353,9,Q50,108
2018,6,male,25,353,9,Q75,165
2018,6,male,25,353,9,Q90,165
2018,6,male,25,353,9,Q95,165
2018,6,male,25,353,9,Q99,165
2018,7,male,25,353,1,Q1,165
2018,7,male,25,353,1,Q5,165
2018,7,male,25,353,1,Q10,165
2018,7,male,25,353,1,Q25,165
2018,7,male,25,353,1,Q50,165
2018,7,male,25,353,1,Q75,165
2018,7,male,25,353,1,Q90,165
2018,7,male,25,353,1,Q95,165
2018,7,male,25,353,1,Q99,165
2018,8,male,31,347,2,Q1,116
2018,8,male,31,347,2,Q5,116
2018,8,male,31,347,2,Q10,116
2018,8,male,31,347,2,Q25,116
2018,8,male,31,347,2,Q50,116
2018,8,male,31,347,2,Q75,116
2018,8,male,31,347,2,Q90,116
2018,8,male,31,347,2,Q95,116
2018,8,male,31,347,2,Q99,116
2018,1b,female,24,318,8,Q1,88
2018,1b,female,24,318,8,Q5,88
2018,1b,female,24,318,8,Q10,88
2018,1b,female,24,318,8,Q25,108.25
2018,1b,female,24,318,8,Q50,115
2018,1b,female,24,318,8,Q75,161.75
2018,1b,female,24,318,8,Q90,179
2018,1b,female,24,318,8,Q95,179
2018,1b,female,24,318,8,Q99,179
2018,2,female,93,339,8,Q1,95.03
2018,2,female,93,339,8,Q5,103.15
2018,2,female,93,339,8,Q10,113.3
2018,2,female,93,339,8,Q25,122
2018,2,female,93,339,8,Q50,170.5
2018,2,female,93,339,8,Q75,227.5
2018,2,female,93,339,8,Q90,261.7
2018,2,female,93,339,8,Q95,271.85
2018,2,female,93,339,8,Q99,279.97
2018,4,female,123,334,5,Q1,123
2018,4,female,123,334,5,Q5,123
2018,4,female,123,334,5,Q10,123
2018,4,female,123,334,5,Q25,123
2018,4,female,123,334,5,Q50,123
2018,4,female,123,334,5,Q75,171
2018,4,female,123,334,5,Q90,171
2018,4,female,123,334,5,Q95,171
2018,4,female,123,334,5,Q99,171
2018,5,female,17,351,18,Q1,56.76
2018,5,female,17,351,18,Q5,75.8
2018,5,female,17,351,18,Q10,80
2018,5,female,17,351,18,Q25,109
2018,5,female,17,351,18,Q50,138
2018,5,female,17,351,18,Q75,162
2018,5,female,17,351,18,Q90,180.5
2018,5,female,17,351,18,Q95,209.2
2018,5,female,17,351,18,Q99,228.24
2018,6,female,25,353,9,Q1,81.32
2018,6,female,25,353,9,Q5,90.6
2018,6,female,25,353,9,Q10,102.2
2018,6,female,25,353,9,Q25,108
2018,6,female,25,353,9,Q50,108
2018,6,female,25,353,9,Q75,165
2018,6,female,25,353,9,Q90,165
2018,6,female,25,353,9,Q95,165
2018,6,female,25,353,9,Q99,165
2018,7,female,25,353,1,Q1,165
2018,7,female,25,353,1,Q5,165
2018,7,female,25,353,1,Q10,165
2018,7,female,25,353,1,Q25,165
2018,7,female,25,353,1,Q50,165
2018,7,female,25,353,1,Q75,165
2018,7,female,25,353,1,Q90,165
2018,7,female,25,353,1,Q95,165
2018,7,female,25,353,1,Q99,165
2018,8,female,31,347,2,Q1,116
2018,8,female,31,347,2,Q5,116
2018,8,female,31,347,2,Q10,116
2018,8,female,31,347,2,Q25,116
2018,8,female,31,347,2,Q50,116
2018,8,female,31,347,2,Q75,116
2018,8,female,31,347,2,Q90,116
2018,8,female,31,347,2,Q95,116
2018,8,female,31,347,2,Q99,116
2019,10_214,nymph,15,353,2,Q1,137.18
2019,10_214,nymph,15,353,2,Q5,145.9
2019,10_214,nymph,15,353,2,Q10,156.8
2019,10_214,nymph,15,353,2,Q25,189.5
2019,10_214,nymph,15,353,2,Q50,244
2019,10_214,nymph,15,353,2,Q75,298.5
2019,10_214,nymph,15,353,2,Q90,331.2
2019,10_214,nymph,15,353,2,Q95,342.1
2019,10_214,nymph,15,353,2,Q99,350.82
2019,11_216,nymph,15,353,1,Q1,192
2019,11_216,nymph,15,353,1,Q5,192
2019,11_216,nymph,15,353,1,Q10,192
2019,11_216,nymph,15,353,1,Q25,192
2019,11_216,nymph,15,353,1,Q50,192
2019,11_216,nymph,15,353,1,Q75,192
2019,11_216,nymph,15,353,1,Q90,192
2019,11_216,nymph,15,353,1,Q95,192
2019,11_216,nymph,15,353,1,Q99,192
2019,1b,nymph,15,346,17,Q1,80
2019,1b,nymph,15,346,17,Q5,80
2019,1b,nymph,15,346,17,Q10,89
2019,1b,nymph,15,346,17,Q25,95
2019,1b,nymph,15,346,17,Q50,141
2019,1b,nymph,15,346,17,Q75,170
2019,1b,nymph,15,346,17,Q90,190
2019,1b,nymph,15,346,17,Q95,200
2019,1b,nymph,15,346,17,Q99,232
2019,2,nymph,51,330,9,Q1,137.72
2019,2,nymph,51,330,9,Q5,148.6
2019,2,nymph,51,330,9,Q10,162.2
2019,2,nymph,51,330,9,Q25,169
2019,2,nymph,51,330,9,Q50,220
2019,2,nymph,51,330,9,Q75,220
2019,2,nymph,51,330,9,Q90,268.4
2019,2,nymph,51,330,9,Q95,283.2
2019,2,nymph,51,330,9,Q99,295.04
2019,4,nymph,44,352,13,Q1,86
2019,4,nymph,44,352,13,Q5,86
2019,4,nymph,44,352,13,Q10,90
2019,4,nymph,44,352,13,Q25,106
2019,4,nymph,44,352,13,Q50,137
2019,4,nymph,44,352,13,Q75,137
2019,4,nymph,44,352,13,Q90,198.6
2019,4,nymph,44,352,13,Q95,263.2
2019,4,nymph,44,352,13,Q99,334.24
2019,5,nymph,15,352,16,Q1,57.2
2019,5,nymph,15,352,16,Q5,74
2019,5,nymph,15,352,16,Q10,81
2019,5,nymph,15,352,16,Q25,129.75
2019,5,nymph,15,352,16,Q50,137
2019,5,nymph,15,352,16,Q75,168
2019,5,nymph,15,352,16,Q90,283.5
2019,5,nymph,15,352,16,Q95,308.5
2019,5,nymph,15,352,16,Q99,343.3
2019,6,nymph,24,352,10,Q1,52.61
2019,6,nymph,24,352,10,Q5,63.05
2019,6,nymph,24,352,10,Q10,76.1
2019,6,nymph,24,352,10,Q25,79
2019,6,nymph,24,352,10,Q50,93
2019,6,nymph,24,352,10,Q75,134
2019,6,nymph,24,352,10,Q90,144.5
2019,6,nymph,24,352,10,Q95,151.25
2019,6,nymph,24,352,10,Q99,156.65
2019,7,nymph,24,352,3,Q1,107
2019,7,nymph,24,352,3,Q5,107
2019,7,nymph,24,352,3,Q10,107
2019,7,nymph,24,352,3,Q25,107
2019,7,nymph,24,352,3,Q50,107
2019,7,nymph,24,352,3,Q75,229.5
2019,7,nymph,24,352,3,Q90,303
2019,7,nymph,24,352,3,Q95,327.5
2019,7,nymph,24,352,3,Q99,347.1
2019,8,nymph,16,353,13,Q1,105
2019,8,nymph,16,353,13,Q5,105
2019,8,nymph,16,353,13,Q10,113.6
2019,8,nymph,16,353,13,Q25,148
2019,8,nymph,16,353,13,Q50,172
2019,8,nymph,16,353,13,Q75,199
2019,8,nymph,16,353,13,Q90,199
2019,8,nymph,16,353,13,Q95,249.8
2019,8,nymph,16,353,13,Q99,310.76
2019,9_200,nymph,15,353,1,Q1,192
2019,9_200,nymph,15,353,1,Q5,192
2019,9_200,nymph,15,353,1,Q10,192
2019,9_200,nymph,15,353,1,Q25,192
2019,9_200,nymph,15,353,1,Q50,192
2019,9_200,nymph,15,353,1,Q75,192
2019,9_200,nymph,15,353,1,Q90,192
2019,9_200,nymph,15,353,1,Q95,192
2019,9_200,nymph,15,353,1,Q99,192
2019,10_214,male,15,353,2,Q1,137.18
2019,10_214,male,15,353,2,Q5,145.9
2019,10_214,male,15,353,2,Q10,156.8
2019,10_214,male,15,353,2,Q25,189.5
2019,10_214,male,15,353,2,Q50,244
2019,10_214,male,15,353,2,Q75,298.5
2019,10_214,male,15,353,2,Q90,331.2
2019,10_214,male,15,353,2,Q95,342.1
2019,10_214,male,15,353,2,Q99,350.82
2019,11_216,male,15,353,1,Q1,192
2019,11_216,male,15,353,1,Q5,192
2019,11_216,male,15,353,1,Q10,192
2019,11_216,male,15,353,1,Q25,192
2019,11_216,male,15,353,1,Q50,192
2019,11_216,male,15,353,1,Q75,192
2019,11_216,male,15,353,1,Q90,192
2019,11_216,male,15,353,1,Q95,192
2019,11_216,male,15,353,1,Q99,192
2019,1b,male,15,346,17,Q1,80
2019,1b,male,15,346,17,Q5,80
2019,1b,male,15,346,17,Q10,89
2019,1b,male,15,346,17,Q25,95
2019,1b,male,15,346,17,Q50,141
2019,1b,male,15,346,17,Q75,170
2019,1b,male,15,346,17,Q90,190
2019,1b,male,15,346,17,Q95,200
2019,1b,male,15,346,17,Q99,232
2019,2,male,51,330,9,Q1,137.72
2019,2,male,51,330,9,Q5,148.6
2019,2,male,51,330,9,Q10,162.2
2019,2,male,51,330,9,Q25,169
2019,2,male,51,330,9,Q50,220
2019,2,male,51,330,9,Q75,220
2019,2,male,51,330,9,Q90,268.4
2019,2,male,51,330,9,Q95,283.2
2019,2,male,51,330,9,Q99,295.04
2019,4,male,44,352,13,Q1,86
2019,4,male,44,352,13,Q5,86
2019,4,male,44,352,13,Q10,90
2019,4,male,44,352,13,Q25,106
2019,4,male,44,352,13,Q50,137
2019,4,male,44,352,13,Q75,137
2019,4,male,44,352,13,Q90,198.6
2019,4,male,44,352,13,Q95,263.2
2019,4,male,44,352,13,Q99,334.24
2019,5,male,15,352,16,Q1,57.2
2019,5,male,15,352,16,Q5,74
2019,5,male,15,352,16,Q10,81
2019,5,male,15,352,16,Q25,129.75
2019,5,male,15,352,16,Q50,137
2019,5,male,15,352,16,Q75,168
2019,5,male,15,352,16,Q90,283.5
2019,5,male,15,352,16,Q95,308.5
2019,5,male,15,352,16,Q99,343.3
2019,6,male,24,352,10,Q1,52.61
2019,6,male,24,352,10,Q5,63.05
2019,6,male,24,352,10,Q10,76.1
2019,6,male,24,352,10,Q25,79
2019,6,male,24,352,10,Q50,93
2019,6,male,24,352,10,Q75,134
2019,6,male,24,352,10,Q90,144.5
2019,6,male,24,352,10,Q95,151.25
2019,6,male,24,352,10,Q99,156.65
2019,7,male,24,352,3,Q1,107
2019,7,male,24,352,3,Q5,107
2019,7,male,24,352,3,Q10,107
2019,7,male,24,352,3,Q25,107
2019,7,male,24,352,3,Q50,107
2019,7,male,24,352,3,Q75,229.5
2019,7,male,24,352,3,Q90,303
2019,7,male,24,352,3,Q95,327.5
2019,7,male,24,352,3,Q99,347.1
2019,8,male,16,353,13,Q1,105
2019,8,male,16,353,13,Q5,105
2019,8,male,16,353,13,Q10,113.6
2019,8,male,16,353,13,Q25,148
2019,8,male,16,353,13,Q50,172
2019,8,male,16,353,13,Q75,199
2019,8,male,16,353,13,Q90,199
2019,8,male,16,353,13,Q95,249.8
2019,8,male,16,353,13,Q99,310.76
2019,9_200,male,15,353,1,Q1,192
2019,9_200,male,15,353,1,Q5,192
2019,9_200,male,15,353,1,Q10,192
2019,9_200,male,15,353,1,Q25,192
2019,9_200,male,15,353,1,Q50,192
2019,9_200,male,15,353,1,Q75,192
2019,9_200,male,15,353,1,Q90,192
2019,9_200,male,15,353,1,Q95,192
2019,9_200,male,15,353,1,Q99,192
2019,10_214,female,15,353,2,Q1,137.18
2019,10_214,female,15,353,2,Q5,145.9
2019,10_214,female,15,353,2,Q10,156.8
2019,10_214,female,15,353,2,Q25,189.5
2019,10_214,female,15,353,2,Q50,244
2019,10_214,female,15,353,2,Q75,298.5
2019,10_214,female,15,353,2,Q90,331.2
2019,10_214,female,15,353,2,Q95,342.1
2019,10_214,female,15,353,2,Q99,350.82
2019,11_216,female,15,353,1,Q1,192
2019,11_216,female,15,353,1,Q5,192
2019,11_216,female,15,353,1,Q10,192
2019,11_216,female,15,353,1,Q25,192
2019,11_216,female,15,353,1,Q50,192
2019,11_216,female,15,353,1,Q75,192
2019,11_216,female,15,353,1,Q90,192
2019,11_216,female,15,353,1,Q95,192
2019,11_216,female,15,353,1,Q99,192
2019,1b,female,15,346,17,Q1,80
2019,1b,female,15,346,17,Q5,80
2019,1b,female,15,346,17,Q10,89
2019,1b,female,15,346,17,Q25,95
2019,1b,female,15,346,17,Q50,141
2019,1b,female,15,346,17,Q75,170
2019,1b,female,15,346,17,Q90,190
2019,1b,female,15,346,17,Q95,200
2019,1b,female,15,346,17,Q99,232
2019,2,female,51,330,9,Q1,137.72
2019,2,female,51,330,9,Q5,148.6
2019,2,female,51,330,9,Q10,162.2
2019,2,female,51,330,9,Q25,169
2019,2,female,51,330,9,Q50,220
2019,2,female,51,330,9,Q75,220
2019,2,female,51,330,9,Q90,268.4
2019,2,female,51,330,9,Q95,283.2
2019,2,female,51,330,9,Q99,295.04
2019,4,female,44,352,13,Q1,86
2019,4,female,44,352,13,Q5,86
2019,4,female,44,352,13,Q10,90
2019,4,female,44,352,13,Q25,106
2019,4,female,44,352,13,Q50,137
2019,4,female,44,352,13,Q75,137
2019,4,female,44,352,13,Q90,198.6
2019,4,female,44,352,13,Q95,263.2
2019,4,female,44,352,13,Q99,334.24
2019,5,female,15,352,16,Q1,57.2
2019,5,female,15,352,16,Q5,74
2019,5,female,15,352,16,Q10,81
2019,5,female,15,352,16,Q25,129.75
2019,5,female,15,352,16,Q50,137
2019,5,female,15,352,16,Q75,168
2019,5,female,15,352,16,Q90,283.5
2019,5,female,15,352,16,Q95,308.5
2019,5,female,15,352,16,Q99,343.3
2019,6,female,24,352,10,Q1,52.61
2019,6,female,24,352,10,Q5,63.05
2019,6,female,24,352,10,Q10,76.1
2019,6,female,24,352,10,Q25,79
2019,6,female,24,352,10,Q50,93
2019,6,female,24,352,10,Q75,134
2019,6,female,24,352,10,Q90,144.5
2019,6,female,24,352,10,Q95,151.25
2019,6,female,24,352,10,Q99,156.65
2019,7,female,24,352,3,Q1,107
2019,7,female,24,352,3,Q5,107
2019,7,female,24,352,3,Q10,107
2019,7,female,24,352,3,Q25,107
2019,7,female,24,352,3,Q50,107
2019,7,female,24,352,3,Q75,229.5
2019,7,female,24,352,3,Q90,303
2019,7,female,24,352,3,Q95,327.5
2019,7,female,24,352,3,Q99,347.1
2019,8,female,16,353,13,Q1,105
2019,8,female,16,353,13,Q5,105
2019,8,female,16,353,13,Q10,113.6
2019,8,female,16,353,13,Q25,148
2019,8,female,16,353,13,Q50,172
2019,8,female,16,353,13,Q75,199
2019,8,female,16,353,13,Q90,199
2019,8,female,16,353,13,Q95,249.8
2019,8,female,16,353,13,Q99,310.76
2019,9_200,female,15,353,1,Q1,192
2019,9_200,female,15,353,1,Q5,192
2019,9_200,female,15,353,1,Q10,192
2019,9_200,female,15,353,1,Q25,192
2019,9_200,female,15,353,1,Q50,192
2019,9_200,female,15,353,1,Q75,192
2019,9_200,female,15,353,1,Q90,192
2019,9_200,female,15,353,1,Q95,192
2019,9_200,female,15,353,1,Q99,192
2020,11_216,nymph,21,353,1,Q1,162
2020,11_216,nymph,21,353,1,Q5,162
2020,11_216,nymph,21,353,1,Q10,162
2020,11_216,nymph,21,353,1,Q25,162
2020,11_216,nymph,21,353,1,Q50,162
2020,11_216,nymph,21,353,1,Q75,162
2020,11_216,nymph,21,353,1,Q90,162
2020,11_216,nymph,21,353,1,Q95,162
2020,11_216,nymph,21,353,1,Q99,162
2020,1b,nymph,31,364,5,Q1,58.44
2020,1b,nymph,31,364,5,Q5,72.2
2020,1b,nymph,31,364,5,Q10,89.4
2020,1b,nymph,31,364,5,Q25,141
2020,1b,nymph,31,364,5,Q50,141
2020,1b,nymph,31,364,5,Q75,171
2020,1b,nymph,31,364,5,Q90,171
2020,1b,nymph,31,364,5,Q95,171
2020,1b,nymph,31,364,5,Q99,171
2020,2,nymph,15,330,6,Q1,21.65
2020,2,nymph,15,330,6,Q5,48.25
2020,2,nymph,15,330,6,Q10,81.5
2020,2,nymph,15,330,6,Q25,155
2020,2,nymph,15,330,6,Q50,187.5
2020,2,nymph,15,330,6,Q75,199
2020,2,nymph,15,330,6,Q90,199
2020,2,nymph,15,330,6,Q95,199
2020,2,nymph,15,330,6,Q99,199
2020,4,nymph,178,178,1,Q1,178
2020,4,nymph,178,178,1,Q5,178
2020,4,nymph,178,178,1,Q10,178
2020,4,nymph,178,178,1,Q25,178
2020,4,nymph,178,178,1,Q50,178
2020,4,nymph,178,178,1,Q75,178
2020,4,nymph,178,178,1,Q90,178
2020,4,nymph,178,178,1,Q95,178
2020,4,nymph,178,178,1,Q99,178
2020,5,nymph,21,352,12,Q1,50
2020,5,nymph,21,352,12,Q5,50
2020,5,nymph,21,352,12,Q10,50
2020,5,nymph,21,352,12,Q25,116.75
2020,5,nymph,21,352,12,Q50,156.5
2020,5,nymph,21,352,12,Q75,181
2020,5,nymph,21,352,12,Q90,202
2020,5,nymph,21,352,12,Q95,256
2020,5,nymph,21,352,12,Q99,308.8
2020,6,nymph,14,352,6,Q1,56
2020,6,nymph,14,352,6,Q5,56
2020,6,nymph,14,352,6,Q10,56
2020,6,nymph,14,352,6,Q25,85.75
2020,6,nymph,14,352,6,Q50,200.5
2020,6,nymph,14,352,6,Q75,277
2020,6,nymph,14,352,6,Q90,309.5
2020,6,nymph,14,352,6,Q95,317.25
2020,6,nymph,14,352,6,Q99,323.45
2020,8,nymph,15,349,6,Q1,140
2020,8,nymph,15,349,6,Q5,140
2020,8,nymph,15,349,6,Q10,140
2020,8,nymph,15,349,6,Q25,150.5
2020,8,nymph,15,349,6,Q50,182
2020,8,nymph,15,349,6,Q75,182
2020,8,nymph,15,349,6,Q90,194
2020,8,nymph,15,349,6,Q95,200
2020,8,nymph,15,349,6,Q99,204.8
2020,9_200,nymph,21,353,1,Q1,135
2020,9_200,nymph,21,353,1,Q5,135
2020,9_200,nymph,21,353,1,Q10,135
2020,9_200,nymph,21,353,1,Q25,135
2020,9_200,nymph,21,353,1,Q50,135
2020,9_200,nymph,21,353,1,Q75,135
2020,9_200,nymph,21,353,1,Q90,135
2020,9_200,nymph,21,353,1,Q95,135
2020,9_200,nymph,21,353,1,Q99,135
2020,11_216,male,21,353,1,Q1,162
2020,11_216,male,21,353,1,Q5,162
2020,11_216,male,21,353,1,Q10,162
2020,11_216,male,21,353,1,Q25,162
2020,11_216,male,21,353,1,Q50,162
2020,11_216,male,21,353,1,Q75,162
2020,11_216,male,21,353,1,Q90,162
2020,11_216,male,21,353,1,Q95,162
2020,11_216,male,21,353,1,Q99,162
2020,1b,male,31,364,5,Q1,58.44
2020,1b,male,31,364,5,Q5,72.2
2020,1b,male,31,364,5,Q10,89.4
2020,1b,male,31,364,5,Q25,141
2020,1b,male,31,364,5,Q50,141
2020,1b,male,31,364,5,Q75,171
2020,1b,male,31,364,5,Q90,171
2020,1b,male,31,364,5,Q95,171
2020,1b,male,31,364,5,Q99,171
2020,2,male,15,330,6,Q1,21.65
2020,2,male,15,330,6,Q5,48.25
2020,2,male,15,330,6,Q10,81.5
2020,2,male,15,330,6,Q25,155
2020,2,male,15,330,6,Q50,187.5
2020,2,male,15,330,6,Q75,199
2020,2,male,15,330,6,Q90,199
2020,2,male,15,330,6,Q95,199
2020,2,male,15,330,6,Q99,199
2020,4,male,178,178,1,Q1,178
2020,4,male,178,178,1,Q5,178
2020,4,male,178,178,1,Q10,178
2020,4,male,178,178,1,Q25,178
2020,4,male,178,178,1,Q50,178
2020,4,male,178,178,1,Q75,178
2020,4,male,178,178,1,Q90,178
2020,4,male,178,178,1,Q95,178
2020,4,male,178,178,1,Q99,178
2020,5,male,21,352,12,Q1,50
2020,5,male,21,352,12,Q5,50
2020,5,male,21,352,12,Q10,50
2020,5,male,21,352,12,Q25,116.75
2020,5,male,21,352,12,Q50,156.5
2020,5,male,21,352,12,Q75,181
2020,5,male,21,352,12,Q90,202
2020,5,male,21,352,12,Q95,256
2020,5,male,21,352,12,Q99,308.8
2020,6,male,14,352,6,Q1,56
2020,6,male,14,352,6,Q5,56
2020,6,male,14,352,6,Q10,56
2020,6,male,14,352,6,Q25,85.75
2020,6,male,14,352,6,Q50,200.5
2020,6,male,14,352,6,Q75,277
2020,6,male,14,352,6,Q90,309.5
2020,6,male,14,352,6,Q95,317.25
2020,6,male,14,352,6,Q99,323.45
2020,8,male,15,349,6,Q1,140
2020,8,male,15,349,6,Q5,140
2020,8,male,15,349,6,Q10,140
2020,8,male,15,349,6,Q25,150.5
2020,8,male,15,349,6,Q50,182
2020,8,male,15,349,6,Q75,182
2020,8,male,15,349,6,Q90,194
2020,8,male,15,349,6,Q95,200
2020,8,male,15,349,6,Q99,204.8
2020,9_200,male,21,353,1,Q1,135
2020,9_200,male,21,353,1,Q5,135
2020,9_200,male,21,353,1,Q10,135
2020,9_200,male,21,353,1,Q25,135
2020,9_200,male,21,353,1,Q50,135
2020,9_200,male,21,353,1,Q75,135
2020,9_200,male,21,353,1,Q90,135
2020,9_200,male,21,353,1,Q95,135
2020,9_200,male,21,353,1,Q99,135
2020,11_216,female,21,353,1,Q1,162
2020,11_216,female,21,353,1,Q5,162
2020,11_216,female,21,353,1,Q10,162
2020,11_216,female,21,353,1,Q25,162
2020,11_216,female,21,353,1,Q50,162
2020,11_216,female,21,353,1,Q75,162
2020,11_216,female,21,353,1,Q90,162
2020,11_216,female,21,353,1,Q95,162
2020,11_216,female,21,353,1,Q99,162
2020,1b,female,31,364,5,Q1,58.44
2020,1b,female,31,364,5,Q5,72.2
2020,1b,female,31,364,5,Q10,89.4
2020,1b,female,31,364,5,Q25,141
2020,1b,female,31,364,5,Q50,141
2020,1b,female,31,364,5,Q75,171
2020,1b,female,31,364,5,Q90,171
2020,1b,female,31,364,5,Q95,171
2020,1b,female,31,364,5,Q99,171
2020,2,female,15,330,6,Q1,21.65
2020,2,female,15,330,6,Q5,48.25
2020,2,female,15,330,6,Q10,81.5
2020,2,female,15,330,6,Q25,155
2020,2,female,15,330,6,Q50,187.5
2020,2,female,15,330,6,Q75,199
2020,2,female,15,330,6,Q90,199
2020,2,female,15,330,6,Q95,199
2020,2,female,15,330,6,Q99,199
2020,4,female,178,178,1,Q1,178
2020,4,female,178,178,1,Q5,178
2020,4,female,178,178,1,Q10,178
2020,4,female,178,178,1,Q25,178
2020,4,female,178,178,1,Q50,178
2020,4,female,178,178,1,Q75,178
2020,4,female,178,178,1,Q90,178
2020,4,female,178,178,1,Q95,178
2020,4,female,178,178,1,Q99,178
2020,5,female,21,352,12,Q1,50
2020,5,female,21,352,12,Q5,50
2020,5,female,21,352,12,Q10,50
2020,5,female,21,352,12,Q25,116.75
2020,5,female,21,352,12,Q50,156.5
2020,5,female,21,352,12,Q75,181
2020,5,female,21,352,12,Q90,202
2020,5,female,21,352,12,Q95,256
2020,5,female,21,352,12,Q99,308.8
2020,6,female,14,352,6,Q1,56
2020,6,female,14,352,6,Q5,56
2020,6,female,14,352,6,Q10,56
2020,6,female,14,352,6,Q25,85.75
2020,6,female,14,352,6,Q50,200.5
2020,6,female,14,352,6,Q75,277
2020,6,female,14,352,6,Q90,309.5
2020,6,female,14,352,6,Q95,317.25
2020,6,female,14,352,6,Q99,323.45
2020,8,female,15,349,6,Q1,140
2020,8,female,15,349,6,Q5,140
2020,8,female,15,349,6,Q10,140
2020,8,female,15,349,6,Q25,150.5
2020,8,female,15,349,6,Q50,182
2020,8,female,15,349,6,Q75,182
2020,8,female,15,349,6,Q90,194
2020,8,female,15,349,6,Q95,200
2020,8,female,15,349,6,Q99,204.8
2020,9_200,female,21,353,1,Q1,135
2020,9_200,female,21,353,1,Q5,135
2020,9_200,female,21,353,1,Q10,135
2020,9_200,female,21,353,1,Q25,135
2020,9_200,female,21,353,1,Q50,135
2020,9_200,female,21,353,1,Q75,135
2020,9_200,female,21,353,1,Q90,135
2020,9_200,female,21,353,1,Q95,135
2020,9_200,female,21,353,1,Q99,135
2021,2,nymph,36,161,2,Q1,140.21
2021,2,nymph,36,161,2,Q5,141.05
2021,2,nymph,36,161,2,Q10,142.1
2021,2,nymph,36,161,2,Q25,145.25
2021,2,nymph,36,161,2,Q50,150.5
2021,2,nymph,36,161,2,Q75,155.75
2021,2,nymph,36,161,2,Q90,158.9
2021,2,nymph,36,161,2,Q95,159.95
2021,2,nymph,36,161,2,Q99,160.79
2021,4,nymph,90,138,4,Q1,90.81
2021,4,nymph,90,138,4,Q5,94.05
2021,4,nymph,90,138,4,Q10,98.1
2021,4,nymph,90,138,4,Q25,110.25
2021,4,nymph,90,138,4,Q50,117
2021,4,nymph,90,138,4,Q75,122.25
2021,4,nymph,90,138,4,Q90,131.7
2021,4,nymph,90,138,4,Q95,134.85
2021,4,nymph,90,138,4,Q99,137.37
2021,5,nymph,19,140,11,Q1,24.7
2021,5,nymph,19,140,11,Q5,47.5
2021,5,nymph,19,140,11,Q10,76
2021,5,nymph,19,140,11,Q25,89.5
2021,5,nymph,19,140,11,Q50,103
2021,5,nymph,19,140,11,Q75,103
2021,5,nymph,19,140,11,Q90,103
2021,5,nymph,19,140,11,Q95,121.5
2021,5,nymph,19,140,11,Q99,136.3
2021,6,nymph,21,166,5,Q1,57.2
2021,6,nymph,21,166,5,Q5,66
2021,6,nymph,21,166,5,Q10,77
2021,6,nymph,21,166,5,Q25,110
2021,6,nymph,21,166,5,Q50,147
2021,6,nymph,21,166,5,Q75,166
2021,6,nymph,21,166,5,Q90,166
2021,6,nymph,21,166,5,Q95,166
2021,6,nymph,21,166,5,Q99,166
2021,7,nymph,21,166,2,Q1,55.55
2021,7,nymph,21,166,2,Q5,57.75
2021,7,nymph,21,166,2,Q10,60.5
2021,7,nymph,21,166,2,Q25,68.75
2021,7,nymph,21,166,2,Q50,82.5
2021,7,nymph,21,166,2,Q75,96.25
2021,7,nymph,21,166,2,Q90,104.5
2021,7,nymph,21,166,2,Q95,107.25
2021,7,nymph,21,166,2,Q99,109.45
2021,8,nymph,26,152,2,Q1,68.84
2021,8,nymph,26,152,2,Q5,72.2
2021,8,nymph,26,152,2,Q10,76.4
2021,8,nymph,26,152,2,Q25,89
2021,8,nymph,26,152,2,Q50,110
2021,8,nymph,26,152,2,Q75,131
2021,8,nymph,26,152,2,Q90,143.6
2021,8,nymph,26,152,2,Q95,147.8
2021,8,nymph,26,152,2,Q99,151.16
2021,9_200,nymph,20,138,1,Q1,83
2021,9_200,nymph,20,138,1,Q5,83
2021,9_200,nymph,20,138,1,Q10,83
2021,9_200,nymph,20,138,1,Q25,83
2021,9_200,nymph,20,138,1,Q50,83
2021,9_200,nymph,20,138,1,Q75,83
2021,9_200,nymph,20,138,1,Q90,83
2021,9_200,nymph,20,138,1,Q95,83
2021,9_200,nymph,20,138,1,Q99,83
2021,2,male,36,161,2,Q1,140.21
2021,2,male,36,161,2,Q5,141.05
2021,2,male,36,161,2,Q10,142.1
2021,2,male,36,161,2,Q25,145.25
2021,2,male,36,161,2,Q50,150.5
2021,2,male,36,161,2,Q75,155.75
2021,2,male,36,161,2,Q90,158.9
2021,2,male,36,161,2,Q95,159.95
2021,2,male,36,161,2,Q99,160.79
2021,4,male,90,138,4,Q1,90.81
2021,4,male,90,138,4,Q5,94.05
2021,4,male,90,138,4,Q10,98.1
2021,4,male,90,138,4,Q25,110.25
2021,4,male,90,138,4,Q50,117
2021,4,male,90,138,4,Q75,122.25
2021,4,male,90,138,4,Q90,131.7
2021,4,male,90,138,4,Q95,134.85
2021,4,male,90,138,4,Q99,137.37
2021,5,male,19,140,11,Q1,24.7
2021,5,male,19,140,11,Q5,47.5
2021,5,male,19,140,11,Q10,76
2021,5,male,19,140,11,Q25,89.5
2021,5,male,19,140,11,Q50,103
2021,5,male,19,140,11,Q75,103
2021,5,male,19,140,11,Q90,103
2021,5,male,19,140,11,Q95,121.5
2021,5,male,19,140,11,Q99,136.3
2021,6,male,21,166,5,Q1,57.2
2021,6,male,21,166,5,Q5,66
2021,6,male,21,166,5,Q10,77
2021,6,male,21,166,5,Q25,110
2021,6,male,21,166,5,Q50,147
2021,6,male,21,166,5,Q75,166
2021,6,male,21,166,5,Q90,166
2021,6,male,21,166,5,Q95,166
2021,6,male,21,166,5,Q99,166
2021,7,male,21,166,2,Q1,55.55
2021,7,male,21,166,2,Q5,57.75
2021,7,male,21,166,2,Q10,60.5
2021,7,male,21,166,2,Q25,68.75
2021,7,male,21,166,2,Q50,82.5
2021,7,male,21,166,2,Q75,96.25
2021,7,male,21,166,2,Q90,104.5
2021,7,male,21,166,2,Q95,107.25
2021,7,male,21,166,2,Q99,109.45
2021,8,male,26,152,2,Q1,68.84
2021,8,male,26,152,2,Q5,72.2
2021,8,male,26,152,2,Q10,76.4
2021,8,male,26,152,2,Q25,89
2021,8,male,26,152,2,Q50,110
2021,8,male,26,152,2,Q75,131
2021,8,male,26,152,2,Q90,143.6
2021,8,male,26,152,2,Q95,147.8
2021,8,male,26,152,2,Q99,151.16
2021,9_200,male,20,138,1,Q1,83
2021,9_200,male,20,138,1,Q5,83
2021,9_200,male,20,138,1,Q10,83
2021,9_200,male,20,138,1,Q25,83
2021,9_200,male,20,138,1,Q50,83
2021,9_200,male,20,138,1,Q75,83
2021,9_200,male,20,138,1,Q90,83
2021,9_200,male,20,138,1,Q95,83
2021,9_200,male,20,138,1,Q99,83
2021,2,female,36,161,2,Q1,140.21
2021,2,female,36,161,2,Q5,141.05
2021,2,female,36,161,2,Q10,142.1
2021,2,female,36,161,2,Q25,145.25
2021,2,female,36,161,2,Q50,150.5
2021,2,female,36,161,2,Q75,155.75
2021,2,female,36,161,2,Q90,158.9
2021,2,female,36,161,2,Q95,159.95
2021,2,female,36,161,2,Q99,160.79
2021,4,female,90,138,4,Q1,90.81
2021,4,female,90,138,4,Q5,94.05
2021,4,female,90,138,4,Q10,98.1
2021,4,female,90,138,4,Q25,110.25
2021,4,female,90,138,4,Q50,117
2021,4,female,90,138,4,Q75,122.25
2021,4,female,90,138,4,Q90,131.7
2021,4,female,90,138,4,Q95,134.85
2021,4,female,90,138,4,Q99,137.37
2021,5,female,19,140,11,Q1,24.7
2021,5,female,19,140,11,Q5,47.5
2021,5,female,19,140,11,Q10,76
2021,5,female,19,140,11,Q25,89.5
2021,5,female,19,140,11,Q50,103
2021,5,female,19,140,11,Q75,103
2021,5,female,19,140,11,Q90,103
2021,5,female,19,140,11,Q95,121.5
2021,5,female,19,140,11,Q99,136.3
2021,6,female,21,166,5,Q1,57.2
2021,6,female,21,166,5,Q5,66
2021,6,female,21,166,5,Q10,77
2021,6,female,21,166,5,Q25,110
2021,6,female,21,166,5,Q50,147
2021,6,female,21,166,5,Q75,166
2021,6,female,21,166,5,Q90,166
2021,6,female,21,166,5,Q95,166
2021,6,female,21,166,5,Q99,166
2021,7,female,21,166,2,Q1,55.55
2021,7,female,21,166,2,Q5,57.75
2021,7,female,21,166,2,Q10,60.5
2021,7,female,21,166,2,Q25,68.75
2021,7,female,21,166,2,Q50,82.5
2021,7,female,21,166,2,Q75,96.25
2021,7,female,21,166,2,Q90,104.5
2021,7,female,21,166,2,Q95,107.25
2021,7,female,21,166,2,Q99,109.45
2021,8,female,26,152,2,Q1,68.84
2021,8,female,26,152,2,Q5,72.2
2021,8,female,26,152,2,Q10,76.4
2021,8,female,26,152,2,Q25,89
2021,8,female,26,152,2,Q50,110
2021,8,female,26,152,2,Q75,131
2021,8,female,26,152,2,Q90,143.6
2021,8,female,26,152,2,Q95,147.8
2021,8,female,26,152,2,Q99,151.16
2021,9_200,female,20,138,1,Q1,83
2021,9_200,female,20,138,1,Q5,83
2021,9_200,female,20,138,1,Q10,83
2021,9_200,female,20,138,1,Q25,83
2021,9_200,female,20,138,1,Q50,83
2021,9_200,female,20,138,1,Q75,83
2021,9_200,female,20,138,1,Q90,83
2021,9_200,female,20,138,1,Q95,83
2021,9_200,female,20,138,1,Q99,83
2014,1a,nymph,97,346,103,Q1,97
2014,1a,nymph,97,346,103,Q5,97
2014,1a,nymph,97,346,103,Q10,97
2014,1a,nymph,97,346,103,Q25,97
2014,1a,nymph,97,346,103,Q50,156
2014,1a,nymph,97,346,103,Q75,198
2014,1a,nymph,97,346,103,Q90,291
2014,1a,nymph,97,346,103,Q95,291
2014,1a,nymph,97,346,103,Q99,291
2014,2,nymph,113,325,180,Q1,113
2014,2,nymph,113,325,180,Q5,148
2014,2,nymph,113,325,180,Q10,148
2014,2,nymph,113,325,180,Q25,148
2014,2,nymph,113,325,180,Q50,176
2014,2,nymph,113,325,180,Q75,230
2014,2,nymph,113,325,180,Q90,266
2014,2,nymph,113,325,180,Q95,266
2014,2,nymph,113,325,180,Q99,293
2014,4,nymph,106,295,352,Q1,106
2014,4,nymph,106,295,352,Q5,106
2014,4,nymph,106,295,352,Q10,106
2014,4,nymph,106,295,352,Q25,106
2014,4,nymph,106,295,352,Q50,134
2014,4,nymph,106,295,352,Q75,176
2014,4,nymph,106,295,352,Q90,182
2014,4,nymph,106,295,352,Q95,242.9
2014,4,nymph,106,295,352,Q99,295
2014,5,nymph,177,363,128,Q1,177
2014,5,nymph,177,363,128,Q5,177
2014,5,nymph,177,363,128,Q10,177
2014,5,nymph,177,363,128,Q25,177
2014,5,nymph,177,363,128,Q50,196
2014,5,nymph,177,363,128,Q75,324
2014,5,nymph,177,363,128,Q90,324
2014,5,nymph,177,363,128,Q95,324
2014,5,nymph,177,363,128,Q99,363
2014,6,nymph,114,329,642,Q1,114
2014,6,nymph,114,329,642,Q5,114
2014,6,nymph,114,329,642,Q10,114
2014,6,nymph,114,329,642,Q25,114
2014,6,nymph,114,329,642,Q50,143
2014,6,nymph,114,329,642,Q75,171
2014,6,nymph,114,329,642,Q90,209
2014,6,nymph,114,329,642,Q95,327.049999999997
2014,6,nymph,114,329,642,Q99,329
2014,7,nymph,114,329,287,Q1,114
2014,7,nymph,114,329,287,Q5,114
2014,7,nymph,114,329,287,Q10,114
2014,7,nymph,114,329,287,Q25,114
2014,7,nymph,114,329,287,Q50,143
2014,7,nymph,114,329,287,Q75,209
2014,7,nymph,114,329,287,Q90,290
2014,7,nymph,114,329,287,Q95,329
2014,7,nymph,114,329,287,Q99,329
2014,8,nymph,197,323,64,Q1,197
2014,8,nymph,197,323,64,Q5,197
2014,8,nymph,197,323,64,Q10,197
2014,8,nymph,197,323,64,Q25,197
2014,8,nymph,197,323,64,Q50,261
2014,8,nymph,197,323,64,Q75,304
2014,8,nymph,197,323,64,Q90,323
2014,8,nymph,197,323,64,Q95,323
2014,8,nymph,197,323,64,Q99,323
2014,1a,male,97,346,103,Q1,97
2014,1a,male,97,346,103,Q5,97
2014,1a,male,97,346,103,Q10,97
2014,1a,male,97,346,103,Q25,97
2014,1a,male,97,346,103,Q50,156
2014,1a,male,97,346,103,Q75,198
2014,1a,male,97,346,103,Q90,291
2014,1a,male,97,346,103,Q95,291
2014,1a,male,97,346,103,Q99,291
2014,2,male,113,325,180,Q1,113
2014,2,male,113,325,180,Q5,148
2014,2,male,113,325,180,Q10,148
2014,2,male,113,325,180,Q25,148
2014,2,male,113,325,180,Q50,176
2014,2,male,113,325,180,Q75,230
2014,2,male,113,325,180,Q90,266
2014,2,male,113,325,180,Q95,266
2014,2,male,113,325,180,Q99,293
2014,4,male,106,295,352,Q1,106
2014,4,male,106,295,352,Q5,106
2014,4,male,106,295,352,Q10,106
2014,4,male,106,295,352,Q25,106
2014,4,male,106,295,352,Q50,134
2014,4,male,106,295,352,Q75,176
2014,4,male,106,295,352,Q90,182
2014,4,male,106,295,352,Q95,242.9
2014,4,male,106,295,352,Q99,295
2014,5,male,177,363,128,Q1,177
2014,5,male,177,363,128,Q5,177
2014,5,male,177,363,128,Q10,177
2014,5,male,177,363,128,Q25,177
2014,5,male,177,363,128,Q50,196
2014,5,male,177,363,128,Q75,324
2014,5,male,177,363,128,Q90,324
2014,5,male,177,363,128,Q95,324
2014,5,male,177,363,128,Q99,363
2014,6,male,114,329,642,Q1,114
2014,6,male,114,329,642,Q5,114
2014,6,male,114,329,642,Q10,114
2014,6,male,114,329,642,Q25,114
2014,6,male,114,329,642,Q50,143
2014,6,male,114,329,642,Q75,171
2014,6,male,114,329,642,Q90,209
2014,6,male,114,329,642,Q95,327.049999999997
2014,6,male,114,329,642,Q99,329
2014,7,male,114,329,287,Q1,114
2014,7,male,114,329,287,Q5,114
2014,7,male,114,329,287,Q10,114
2014,7,male,114,329,287,Q25,114
2014,7,male,114,329,287,Q50,143
2014,7,male,114,329,287,Q75,209
2014,7,male,114,329,287,Q90,290
2014,7,male,114,329,287,Q95,329
2014,7,male,114,329,287,Q99,329
2014,8,male,197,323,64,Q1,197
2014,8,male,197,323,64,Q5,197
2014,8,male,197,323,64,Q10,197
2014,8,male,197,323,64,Q25,197
2014,8,male,197,323,64,Q50,261
2014,8,male,197,323,64,Q75,304
2014,8,male,197,323,64,Q90,323
2014,8,male,197,323,64,Q95,323
2014,8,male,197,323,64,Q99,323
2014,1a,female,97,346,103,Q1,97
2014,1a,female,97,346,103,Q5,97
2014,1a,female,97,346,103,Q10,97
2014,1a,female,97,346,103,Q25,97
2014,1a,female,97,346,103,Q50,156
2014,1a,female,97,346,103,Q75,198
2014,1a,female,97,346,103,Q90,291
2014,1a,female,97,346,103,Q95,291
2014,1a,female,97,346,103,Q99,291
2014,2,female,113,325,180,Q1,113
2014,2,female,113,325,180,Q5,148
2014,2,female,113,325,180,Q10,148
2014,2,female,113,325,180,Q25,148
2014,2,female,113,325,180,Q50,176
2014,2,female,113,325,180,Q75,230
2014,2,female,113,325,180,Q90,266
2014,2,female,113,325,180,Q95,266
2014,2,female,113,325,180,Q99,293
2014,4,female,106,295,352,Q1,106
2014,4,female,106,295,352,Q5,106
2014,4,female,106,295,352,Q10,106
2014,4,female,106,295,352,Q25,106
2014,4,female,106,295,352,Q50,134
2014,4,female,106,295,352,Q75,176
2014,4,female,106,295,352,Q90,182
2014,4,female,106,295,352,Q95,242.9
2014,4,female,106,295,352,Q99,295
2014,5,female,177,363,128,Q1,177
2014,5,female,177,363,128,Q5,177
2014,5,female,177,363,128,Q10,177
2014,5,female,177,363,128,Q25,177
2014,5,female,177,363,128,Q50,196
2014,5,female,177,363,128,Q75,324
2014,5,female,177,363,128,Q90,324
2014,5,female,177,363,128,Q95,324
2014,5,female,177,363,128,Q99,363
2014,6,female,114,329,642,Q1,114
2014,6,female,114,329,642,Q5,114
2014,6,female,114,329,642,Q10,114
2014,6,female,114,329,642,Q25,114
2014,6,female,114,329,642,Q50,143
2014,6,female,114,329,642,Q75,171
2014,6,female,114,329,642,Q90,209
2014,6,female,114,329,642,Q95,327.049999999997
2014,6,female,114,329,642,Q99,329
2014,7,female,114,329,287,Q1,114
2014,7,female,114,329,287,Q5,114
2014,7,female,114,329,287,Q10,114
2014,7,female,114,329,287,Q25,114
2014,7,female,114,329,287,Q50,143
2014,7,female,114,329,287,Q75,209
2014,7,female,114,329,287,Q90,290
2014,7,female,114,329,287,Q95,329
2014,7,female,114,329,287,Q99,329
2014,8,female,197,323,64,Q1,197
2014,8,female,197,323,64,Q5,197
2014,8,female,197,323,64,Q10,197
2014,8,female,197,323,64,Q25,197
2014,8,female,197,323,64,Q50,261
2014,8,female,197,323,64,Q75,304
2014,8,female,197,323,64,Q90,323
2014,8,female,197,323,64,Q95,323
2014,8,female,197,323,64,Q99,323
2015,1a,nymph,15,351,134,Q1,72
2015,1a,nymph,15,351,134,Q5,72
2015,1a,nymph,15,351,134,Q10,120
2015,1a,nymph,15,351,134,Q25,120
2015,1a,nymph,15,351,134,Q50,148
2015,1a,nymph,15,351,134,Q75,258.75
2015,1a,nymph,15,351,134,Q90,299
2015,1a,nymph,15,351,134,Q95,299
2015,1a,nymph,15,351,134,Q99,351
2015,2,nymph,77,343,85,Q1,124.04
2015,2,nymph,77,343,85,Q5,133
2015,2,nymph,77,343,85,Q10,133
2015,2,nymph,77,343,85,Q25,162
2015,2,nymph,77,343,85,Q50,238
2015,2,nymph,77,343,85,Q75,272
2015,2,nymph,77,343,85,Q90,272
2015,2,nymph,77,343,85,Q95,288.8
2015,2,nymph,77,343,85,Q99,293
2015,4,nymph,29,330,355,Q1,43
2015,4,nymph,29,330,355,Q5,71
2015,4,nymph,29,330,355,Q10,71
2015,4,nymph,29,330,355,Q25,111
2015,4,nymph,29,330,355,Q50,141
2015,4,nymph,29,330,355,Q75,167
2015,4,nymph,29,330,355,Q90,217
2015,4,nymph,29,330,355,Q95,300
2015,4,nymph,29,330,355,Q99,300
2015,5,nymph,27,355,773,Q1,27
2015,5,nymph,27,355,773,Q5,76
2015,5,nymph,27,355,773,Q10,76
2015,5,nymph,27,355,773,Q25,105
2015,5,nymph,27,355,773,Q50,146
2015,5,nymph,27,355,773,Q75,175
2015,5,nymph,27,355,773,Q90,264
2015,5,nymph,27,355,773,Q95,327
2015,5,nymph,27,355,773,Q99,355
2015,6,nymph,23,350,1051,Q1,23
2015,6,nymph,23,350,1051,Q5,58
2015,6,nymph,23,350,1051,Q10,85
2015,6,nymph,23,350,1051,Q25,85
2015,6,nymph,23,350,1051,Q50,142
2015,6,nymph,23,350,1051,Q75,174
2015,6,nymph,23,350,1051,Q90,296
2015,6,nymph,23,350,1051,Q95,328
2015,6,nymph,23,350,1051,Q99,350
2015,7,nymph,23,350,526,Q1,23
2015,7,nymph,23,350,526,Q5,23
2015,7,nymph,23,350,526,Q10,85
2015,7,nymph,23,350,526,Q25,85
2015,7,nymph,23,350,526,Q50,142
2015,7,nymph,23,350,526,Q75,237
2015,7,nymph,23,350,526,Q90,296
2015,7,nymph,23,350,526,Q95,350
2015,7,nymph,23,350,526,Q99,350
2015,8,nymph,21,336,463,Q1,113
2015,8,nymph,21,336,463,Q5,113
2015,8,nymph,21,336,463,Q10,113
2015,8,nymph,21,336,463,Q25,133
2015,8,nymph,21,336,463,Q50,159
2015,8,nymph,21,336,463,Q75,180
2015,8,nymph,21,336,463,Q90,271
2015,8,nymph,21,336,463,Q95,292
2015,8,nymph,21,336,463,Q99,336
2015,1a,male,15,351,134,Q1,72
2015,1a,male,15,351,134,Q5,72
2015,1a,male,15,351,134,Q10,120
2015,1a,male,15,351,134,Q25,120
2015,1a,male,15,351,134,Q50,148
2015,1a,male,15,351,134,Q75,258.75
2015,1a,male,15,351,134,Q90,299
2015,1a,male,15,351,134,Q95,299
2015,1a,male,15,351,134,Q99,351
2015,2,male,77,343,85,Q1,124.04
2015,2,male,77,343,85,Q5,133
2015,2,male,77,343,85,Q10,133
2015,2,male,77,343,85,Q25,162
2015,2,male,77,343,85,Q50,238
2015,2,male,77,343,85,Q75,272
2015,2,male,77,343,85,Q90,272
2015,2,male,77,343,85,Q95,288.8
2015,2,male,77,343,85,Q99,293
2015,4,male,29,330,355,Q1,43
2015,4,male,29,330,355,Q5,71
2015,4,male,29,330,355,Q10,71
2015,4,male,29,330,355,Q25,111
2015,4,male,29,330,355,Q50,141
2015,4,male,29,330,355,Q75,167
2015,4,male,29,330,355,Q90,217
2015,4,male,29,330,355,Q95,300
2015,4,male,29,330,355,Q99,300
2015,5,male,27,355,773,Q1,27
2015,5,male,27,355,773,Q5,76
2015,5,male,27,355,773,Q10,76
2015,5,male,27,355,773,Q25,105
2015,5,male,27,355,773,Q50,146
2015,5,male,27,355,773,Q75,175
2015,5,male,27,355,773,Q90,264
2015,5,male,27,355,773,Q95,327
2015,5,male,27,355,773,Q99,355
2015,6,male,23,350,1051,Q1,23
2015,6,male,23,350,1051,Q5,58
2015,6,male,23,350,1051,Q10,85
2015,6,male,23,350,1051,Q25,85
2015,6,male,23,350,1051,Q50,142
2015,6,male,23,350,1051,Q75,174
2015,6,male,23,350,1051,Q90,296
2015,6,male,23,350,1051,Q95,328
2015,6,male,23,350,1051,Q99,350
2015,7,male,23,350,526,Q1,23
2015,7,male,23,350,526,Q5,23
2015,7,male,23,350,526,Q10,85
2015,7,male,23,350,526,Q25,85
2015,7,male,23,350,526,Q50,142
2015,7,male,23,350,526,Q75,237
2015,7,male,23,350,526,Q90,296
2015,7,male,23,350,526,Q95,350
2015,7,male,23,350,526,Q99,350
2015,8,male,21,336,463,Q1,113
2015,8,male,21,336,463,Q5,113
2015,8,male,21,336,463,Q10,113
2015,8,male,21,336,463,Q25,133
2015,8,male,21,336,463,Q50,159
2015,8,male,21,336,463,Q75,180
2015,8,male,21,336,463,Q90,271
2015,8,male,21,336,463,Q95,292
2015,8,male,21,336,463,Q99,336
2015,1a,female,15,351,134,Q1,72
2015,1a,female,15,351,134,Q5,72
2015,1a,female,15,351,134,Q10,120
2015,1a,female,15,351,134,Q25,120
2015,1a,female,15,351,134,Q50,148
2015,1a,female,15,351,134,Q75,258.75
2015,1a,female,15,351,134,Q90,299
2015,1a,female,15,351,134,Q95,299
2015,1a,female,15,351,134,Q99,351
2015,2,female,77,343,85,Q1,124.04
2015,2,female,77,343,85,Q5,133
2015,2,female,77,343,85,Q10,133
2015,2,female,77,343,85,Q25,162
2015,2,female,77,343,85,Q50,238
2015,2,female,77,343,85,Q75,272
2015,2,female,77,343,85,Q90,272
2015,2,female,77,343,85,Q95,288.8
2015,2,female,77,343,85,Q99,293
2015,4,female,29,330,355,Q1,43
2015,4,female,29,330,355,Q5,71
2015,4,female,29,330,355,Q10,71
2015,4,female,29,330,355,Q25,111
2015,4,female,29,330,355,Q50,141
2015,4,female,29,330,355,Q75,167
2015,4,female,29,330,355,Q90,217
2015,4,female,29,330,355,Q95,300
2015,4,female,29,330,355,Q99,300
2015,5,female,27,355,773,Q1,27
2015,5,female,27,355,773,Q5,76
2015,5,female,27,355,773,Q10,76
2015,5,female,27,355,773,Q25,105
2015,5,female,27,355,773,Q50,146
2015,5,female,27,355,773,Q75,175
2015,5,female,27,355,773,Q90,264
2015,5,female,27,355,773,Q95,327
2015,5,female,27,355,773,Q99,355
2015,6,female,23,350,1051,Q1,23
2015,6,female,23,350,1051,Q5,58
2015,6,female,23,350,1051,Q10,85
2015,6,female,23,350,1051,Q25,85
2015,6,female,23,350,1051,Q50,142
2015,6,female,23,350,1051,Q75,174
2015,6,female,23,350,1051,Q90,296
2015,6,female,23,350,1051,Q95,328
2015,6,female,23,350,1051,Q99,350
2015,7,female,23,350,526,Q1,23
2015,7,female,23,350,526,Q5,23
2015,7,female,23,350,526,Q10,85
2015,7,female,23,350,526,Q25,85
2015,7,female,23,350,526,Q50,142
2015,7,female,23,350,526,Q75,237
2015,7,female,23,350,526,Q90,296
2015,7,female,23,350,526,Q95,350
2015,7,female,23,350,526,Q99,350
2015,8,female,21,336,463,Q1,113
2015,8,female,21,336,463,Q5,113
2015,8,female,21,336,463,Q10,113
2015,8,female,21,336,463,Q25,133
2015,8,female,21,336,463,Q50,159
2015,8,female,21,336,463,Q75,180
2015,8,female,21,336,463,Q90,271
2015,8,female,21,336,463,Q95,292
2015,8,female,21,336,463,Q99,336
2016,1a,nymph,25,237,106,Q1,84
2016,1a,nymph,25,237,106,Q5,84
2016,1a,nymph,25,237,106,Q10,84
2016,1a,nymph,25,237,106,Q25,111
2016,1a,nymph,25,237,106,Q50,147
2016,1a,nymph,25,237,106,Q75,169
2016,1a,nymph,25,237,106,Q90,169
2016,1a,nymph,25,237,106,Q95,208
2016,1a,nymph,25,237,106,Q99,208
2016,2,nymph,27,335,180,Q1,83
2016,2,nymph,27,335,180,Q5,119
2016,2,nymph,27,335,180,Q10,145
2016,2,nymph,27,335,180,Q25,145
2016,2,nymph,27,335,180,Q50,211
2016,2,nymph,27,335,180,Q75,235
2016,2,nymph,27,335,180,Q90,264
2016,2,nymph,27,335,180,Q95,295
2016,2,nymph,27,335,180,Q99,295
2016,4,nymph,28,278,203,Q1,28
2016,4,nymph,28,278,203,Q5,48
2016,4,nymph,28,278,203,Q10,78
2016,4,nymph,28,278,203,Q25,102
2016,4,nymph,28,278,203,Q50,188
2016,4,nymph,28,278,203,Q75,188
2016,4,nymph,28,278,203,Q90,223
2016,4,nymph,28,278,203,Q95,253
2016,4,nymph,28,278,203,Q99,278
2016,5,nymph,25,355,441,Q1,25
2016,5,nymph,25,355,441,Q5,25
2016,5,nymph,25,355,441,Q10,47
2016,5,nymph,25,355,441,Q25,110
2016,5,nymph,25,355,441,Q50,145
2016,5,nymph,25,355,441,Q75,294
2016,5,nymph,25,355,441,Q90,333
2016,5,nymph,25,355,441,Q95,355
2016,5,nymph,25,355,441,Q99,355
2016,6,nymph,26,351,686,Q1,26
2016,6,nymph,26,351,686,Q5,26
2016,6,nymph,26,351,686,Q10,57
2016,6,nymph,26,351,686,Q25,84
2016,6,nymph,26,351,686,Q50,105
2016,6,nymph,26,351,686,Q75,141
2016,6,nymph,26,351,686,Q90,329
2016,6,nymph,26,351,686,Q95,351
2016,6,nymph,26,351,686,Q99,351
2016,7,nymph,26,351,958,Q1,26
2016,7,nymph,26,351,958,Q5,57
2016,7,nymph,26,351,958,Q10,57
2016,7,nymph,26,351,958,Q25,84
2016,7,nymph,26,351,958,Q50,105
2016,7,nymph,26,351,958,Q75,141
2016,7,nymph,26,351,958,Q90,175
2016,7,nymph,26,351,958,Q95,208
2016,7,nymph,26,351,958,Q99,351
2016,8,nymph,25,347,366,Q1,56
2016,8,nymph,25,347,366,Q5,77.25
2016,8,nymph,25,347,366,Q10,102
2016,8,nymph,25,347,366,Q25,130
2016,8,nymph,25,347,366,Q50,172
2016,8,nymph,25,347,366,Q75,194
2016,8,nymph,25,347,366,Q90,194
2016,8,nymph,25,347,366,Q95,242
2016,8,nymph,25,347,366,Q99,257
2016,1a,male,25,237,106,Q1,84
2016,1a,male,25,237,106,Q5,84
2016,1a,male,25,237,106,Q10,84
2016,1a,male,25,237,106,Q25,111
2016,1a,male,25,237,106,Q50,147
2016,1a,male,25,237,106,Q75,169
2016,1a,male,25,237,106,Q90,169
2016,1a,male,25,237,106,Q95,208
2016,1a,male,25,237,106,Q99,208
2016,2,male,27,335,180,Q1,83
2016,2,male,27,335,180,Q5,119
2016,2,male,27,335,180,Q10,145
2016,2,male,27,335,180,Q25,145
2016,2,male,27,335,180,Q50,211
2016,2,male,27,335,180,Q75,235
2016,2,male,27,335,180,Q90,264
2016,2,male,27,335,180,Q95,295
2016,2,male,27,335,180,Q99,295
2016,4,male,28,278,203,Q1,28
2016,4,male,28,278,203,Q5,48
2016,4,male,28,278,203,Q10,78
2016,4,male,28,278,203,Q25,102
2016,4,male,28,278,203,Q50,188
2016,4,male,28,278,203,Q75,188
2016,4,male,28,278,203,Q90,223
2016,4,male,28,278,203,Q95,253
2016,4,male,28,278,203,Q99,278
2016,5,male,25,355,441,Q1,25
2016,5,male,25,355,441,Q5,25
2016,5,male,25,355,441,Q10,47
2016,5,male,25,355,441,Q25,110
2016,5,male,25,355,441,Q50,145
2016,5,male,25,355,441,Q75,294
2016,5,male,25,355,441,Q90,333
2016,5,male,25,355,441,Q95,355
2016,5,male,25,355,441,Q99,355
2016,6,male,26,351,686,Q1,26
2016,6,male,26,351,686,Q5,26
2016,6,male,26,351,686,Q10,57
2016,6,male,26,351,686,Q25,84
2016,6,male,26,351,686,Q50,105
2016,6,male,26,351,686,Q75,141
2016,6,male,26,351,686,Q90,329
2016,6,male,26,351,686,Q95,351
2016,6,male,26,351,686,Q99,351
2016,7,male,26,351,958,Q1,26
2016,7,male,26,351,958,Q5,57
2016,7,male,26,351,958,Q10,57
2016,7,male,26,351,958,Q25,84
2016,7,male,26,351,958,Q50,105
2016,7,male,26,351,958,Q75,141
2016,7,male,26,351,958,Q90,175
2016,7,male,26,351,958,Q95,208
2016,7,male,26,351,958,Q99,351
2016,8,male,25,347,366,Q1,56
2016,8,male,25,347,366,Q5,77.25
2016,8,male,25,347,366,Q10,102
2016,8,male,25,347,366,Q25,130
2016,8,male,25,347,366,Q50,172
2016,8,male,25,347,366,Q75,194
2016,8,male,25,347,366,Q90,194
2016,8,male,25,347,366,Q95,242
2016,8,male,25,347,366,Q99,257
2016,1a,female,25,237,106,Q1,84
2016,1a,female,25,237,106,Q5,84
2016,1a,female,25,237,106,Q10,84
2016,1a,female,25,237,106,Q25,111
2016,1a,female,25,237,106,Q50,147
2016,1a,female,25,237,106,Q75,169
2016,1a,female,25,237,106,Q90,169
2016,1a,female,25,237,106,Q95,208
2016,1a,female,25,237,106,Q99,208
2016,2,female,27,335,180,Q1,83
2016,2,female,27,335,180,Q5,119
2016,2,female,27,335,180,Q10,145
2016,2,female,27,335,180,Q25,145
2016,2,female,27,335,180,Q50,211
2016,2,female,27,335,180,Q75,235
2016,2,female,27,335,180,Q90,264
2016,2,female,27,335,180,Q95,295
2016,2,female,27,335,180,Q99,295
2016,4,female,28,278,203,Q1,28
2016,4,female,28,278,203,Q5,48
2016,4,female,28,278,203,Q10,78
2016,4,female,28,278,203,Q25,102
2016,4,female,28,278,203,Q50,188
2016,4,female,28,278,203,Q75,188
2016,4,female,28,278,203,Q90,223
2016,4,female,28,278,203,Q95,253
2016,4,female,28,278,203,Q99,278
2016,5,female,25,355,441,Q1,25
2016,5,female,25,355,441,Q5,25
2016,5,female,25,355,441,Q10,47
2016,5,female,25,355,441,Q25,110
2016,5,female,25,355,441,Q50,145
2016,5,female,25,355,441,Q75,294
2016,5,female,25,355,441,Q90,333
2016,5,female,25,355,441,Q95,355
2016,5,female,25,355,441,Q99,355
2016,6,female,26,351,686,Q1,26
2016,6,female,26,351,686,Q5,26
2016,6,female,26,351,686,Q10,57
2016,6,female,26,351,686,Q25,84
2016,6,female,26,351,686,Q50,105
2016,6,female,26,351,686,Q75,141
2016,6,female,26,351,686,Q90,329
2016,6,female,26,351,686,Q95,351
2016,6,female,26,351,686,Q99,351
2016,7,female,26,351,958,Q1,26
2016,7,female,26,351,958,Q5,57
2016,7,female,26,351,958,Q10,57
2016,7,female,26,351,958,Q25,84
2016,7,female,26,351,958,Q50,105
2016,7,female,26,351,958,Q75,141
2016,7,female,26,351,958,Q90,175
2016,7,female,26,351,958,Q95,208
2016,7,female,26,351,958,Q99,351
2016,8,female,25,347,366,Q1,56
2016,8,female,25,347,366,Q5,77.25
2016,8,female,25,347,366,Q10,102
2016,8,female,25,347,366,Q25,130
2016,8,female,25,347,366,Q50,172
2016,8,female,25,347,366,Q75,194
2016,8,female,25,347,366,Q90,194
2016,8,female,25,347,366,Q95,242
2016,8,female,25,347,366,Q99,257
2017,1b,nymph,111,340,454,Q1,111
2017,1b,nymph,111,340,454,Q5,111
2017,1b,nymph,111,340,454,Q10,111
2017,1b,nymph,111,340,454,Q25,147
2017,1b,nymph,111,340,454,Q50,173
2017,1b,nymph,111,340,454,Q75,184
2017,1b,nymph,111,340,454,Q90,184
2017,1b,nymph,111,340,454,Q95,264
2017,1b,nymph,111,340,454,Q99,299
2017,2,nymph,51,326,90,Q1,75
2017,2,nymph,51,326,90,Q5,102
2017,2,nymph,51,326,90,Q10,102
2017,2,nymph,51,326,90,Q25,177
2017,2,nymph,51,326,90,Q50,219
2017,2,nymph,51,326,90,Q75,256
2017,2,nymph,51,326,90,Q90,256
2017,2,nymph,51,326,90,Q95,256
2017,2,nymph,51,326,90,Q99,284
2017,4,nymph,47,277,173,Q1,47
2017,4,nymph,47,277,173,Q5,69
2017,4,nymph,47,277,173,Q10,69
2017,4,nymph,47,277,173,Q25,69
2017,4,nymph,47,277,173,Q50,95
2017,4,nymph,47,277,173,Q75,135
2017,4,nymph,47,277,173,Q90,135
2017,4,nymph,47,277,173,Q95,277
2017,4,nymph,47,277,173,Q99,277
2017,5,nymph,18,353,1397,Q1,48
2017,5,nymph,18,353,1397,Q5,48
2017,5,nymph,18,353,1397,Q10,74
2017,5,nymph,18,353,1397,Q25,74
2017,5,nymph,18,353,1397,Q50,111
2017,5,nymph,18,353,1397,Q75,136
2017,5,nymph,18,353,1397,Q90,209
2017,5,nymph,18,353,1397,Q95,299
2017,5,nymph,18,353,1397,Q99,353
2017,6,nymph,26,355,598,Q1,53
2017,6,nymph,26,355,598,Q5,53
2017,6,nymph,26,355,598,Q10,75
2017,6,nymph,26,355,598,Q25,75
2017,6,nymph,26,355,598,Q50,139
2017,6,nymph,26,355,598,Q75,158
2017,6,nymph,26,355,598,Q90,291
2017,6,nymph,26,355,598,Q95,326
2017,6,nymph,26,355,598,Q99,355
2017,7,nymph,26,355,434,Q1,53
2017,7,nymph,26,355,434,Q5,53
2017,7,nymph,26,355,434,Q10,53
2017,7,nymph,26,355,434,Q25,75
2017,7,nymph,26,355,434,Q50,139
2017,7,nymph,26,355,434,Q75,158
2017,7,nymph,26,355,434,Q90,268.199999999999
2017,7,nymph,26,355,434,Q95,326
2017,7,nymph,26,355,434,Q99,355
2017,8,nymph,46,326,193,Q1,74
2017,8,nymph,46,326,193,Q5,95.6000000000001
2017,8,nymph,46,326,193,Q10,110
2017,8,nymph,46,326,193,Q25,151
2017,8,nymph,46,326,193,Q50,194
2017,8,nymph,46,326,193,Q75,269
2017,8,nymph,46,326,193,Q90,298
2017,8,nymph,46,326,193,Q95,298
2017,8,nymph,46,326,193,Q99,326
2017,1b,male,111,340,454,Q1,111
2017,1b,male,111,340,454,Q5,111
2017,1b,male,111,340,454,Q10,111
2017,1b,male,111,340,454,Q25,147
2017,1b,male,111,340,454,Q50,173
2017,1b,male,111,340,454,Q75,184
2017,1b,male,111,340,454,Q90,184
2017,1b,male,111,340,454,Q95,264
2017,1b,male,111,340,454,Q99,299
2017,2,male,51,326,90,Q1,75
2017,2,male,51,326,90,Q5,102
2017,2,male,51,326,90,Q10,102
2017,2,male,51,326,90,Q25,177
2017,2,male,51,326,90,Q50,219
2017,2,male,51,326,90,Q75,256
2017,2,male,51,326,90,Q90,256
2017,2,male,51,326,90,Q95,256
2017,2,male,51,326,90,Q99,284
2017,4,male,47,277,173,Q1,47
2017,4,male,47,277,173,Q5,69
2017,4,male,47,277,173,Q10,69
2017,4,male,47,277,173,Q25,69
2017,4,male,47,277,173,Q50,95
2017,4,male,47,277,173,Q75,135
2017,4,male,47,277,173,Q90,135
2017,4,male,47,277,173,Q95,277
2017,4,male,47,277,173,Q99,277
2017,5,male,18,353,1397,Q1,48
2017,5,male,18,353,1397,Q5,48
2017,5,male,18,353,1397,Q10,74
2017,5,male,18,353,1397,Q25,74
2017,5,male,18,353,1397,Q50,111
2017,5,male,18,353,1397,Q75,136
2017,5,male,18,353,1397,Q90,209
2017,5,male,18,353,1397,Q95,299
2017,5,male,18,353,1397,Q99,353
2017,6,male,26,355,598,Q1,53
2017,6,male,26,355,598,Q5,53
2017,6,male,26,355,598,Q10,75
2017,6,male,26,355,598,Q25,75
2017,6,male,26,355,598,Q50,139
2017,6,male,26,355,598,Q75,158
2017,6,male,26,355,598,Q90,291
2017,6,male,26,355,598,Q95,326
2017,6,male,26,355,598,Q99,355
2017,7,male,26,355,434,Q1,53
2017,7,male,26,355,434,Q5,53
2017,7,male,26,355,434,Q10,53
2017,7,male,26,355,434,Q25,75
2017,7,male,26,355,434,Q50,139
2017,7,male,26,355,434,Q75,158
2017,7,male,26,355,434,Q90,268.199999999999
2017,7,male,26,355,434,Q95,326
2017,7,male,26,355,434,Q99,355
2017,8,male,46,326,193,Q1,74
2017,8,male,46,326,193,Q5,95.6000000000001
2017,8,male,46,326,193,Q10,110
2017,8,male,46,326,193,Q25,151
2017,8,male,46,326,193,Q50,194
2017,8,male,46,326,193,Q75,269
2017,8,male,46,326,193,Q90,298
2017,8,male,46,326,193,Q95,298
2017,8,male,46,326,193,Q99,326
2017,1b,female,111,340,454,Q1,111
2017,1b,female,111,340,454,Q5,111
2017,1b,female,111,340,454,Q10,111
2017,1b,female,111,340,454,Q25,147
2017,1b,female,111,340,454,Q50,173
2017,1b,female,111,340,454,Q75,184
2017,1b,female,111,340,454,Q90,184
2017,1b,female,111,340,454,Q95,264
2017,1b,female,111,340,454,Q99,299
2017,2,female,51,326,90,Q1,75
2017,2,female,51,326,90,Q5,102
2017,2,female,51,326,90,Q10,102
2017,2,female,51,326,90,Q25,177
2017,2,female,51,326,90,Q50,219
2017,2,female,51,326,90,Q75,256
2017,2,female,51,326,90,Q90,256
2017,2,female,51,326,90,Q95,256
2017,2,female,51,326,90,Q99,284
2017,4,female,47,277,173,Q1,47
2017,4,female,47,277,173,Q5,69
2017,4,female,47,277,173,Q10,69
2017,4,female,47,277,173,Q25,69
2017,4,female,47,277,173,Q50,95
2017,4,female,47,277,173,Q75,135
2017,4,female,47,277,173,Q90,135
2017,4,female,47,277,173,Q95,277
2017,4,female,47,277,173,Q99,277
2017,5,female,18,353,1397,Q1,48
2017,5,female,18,353,1397,Q5,48
2017,5,female,18,353,1397,Q10,74
2017,5,female,18,353,1397,Q25,74
2017,5,female,18,353,1397,Q50,111
2017,5,female,18,353,1397,Q75,136
2017,5,female,18,353,1397,Q90,209
2017,5,female,18,353,1397,Q95,299
2017,5,female,18,353,1397,Q99,353
2017,6,female,26,355,598,Q1,53
2017,6,female,26,355,598,Q5,53
2017,6,female,26,355,598,Q10,75
2017,6,female,26,355,598,Q25,75
2017,6,female,26,355,598,Q50,139
2017,6,female,26,355,598,Q75,158
2017,6,female,26,355,598,Q90,291
2017,6,female,26,355,598,Q95,326
2017,6,female,26,355,598,Q99,355
2017,7,female,26,355,434,Q1,53
2017,7,female,26,355,434,Q5,53
2017,7,female,26,355,434,Q10,53
2017,7,female,26,355,434,Q25,75
2017,7,female,26,355,434,Q50,139
2017,7,female,26,355,434,Q75,158
2017,7,female,26,355,434,Q90,268.199999999999
2017,7,female,26,355,434,Q95,326
2017,7,female,26,355,434,Q99,355
2017,8,female,46,326,193,Q1,74
2017,8,female,46,326,193,Q5,95.6000000000001
2017,8,female,46,326,193,Q10,110
2017,8,female,46,326,193,Q25,151
2017,8,female,46,326,193,Q50,194
2017,8,female,46,326,193,Q75,269
2017,8,female,46,326,193,Q90,298
2017,8,female,46,326,193,Q95,298
2017,8,female,46,326,193,Q99,326
2018,10_214,nymph,113,346,42,Q1,113
2018,10_214,nymph,113,346,42,Q5,113
2018,10_214,nymph,113,346,42,Q10,113
2018,10_214,nymph,113,346,42,Q25,144
2018,10_214,nymph,113,346,42,Q50,169
2018,10_214,nymph,113,346,42,Q75,199
2018,10_214,nymph,113,346,42,Q90,199
2018,10_214,nymph,113,346,42,Q95,316.799999999999
2018,10_214,nymph,113,346,42,Q99,323
2018,11_216,nymph,113,346,64,Q1,113
2018,11_216,nymph,113,346,64,Q5,113
2018,11_216,nymph,113,346,64,Q10,113
2018,11_216,nymph,113,346,64,Q25,113
2018,11_216,nymph,113,346,64,Q50,144
2018,11_216,nymph,113,346,64,Q75,169
2018,11_216,nymph,113,346,64,Q90,199
2018,11_216,nymph,113,346,64,Q95,323
2018,11_216,nymph,113,346,64,Q99,331.51
2018,1b,nymph,24,318,691,Q1,24
2018,1b,nymph,24,318,691,Q5,68
2018,1b,nymph,24,318,691,Q10,88
2018,1b,nymph,24,318,691,Q25,115
2018,1b,nymph,24,318,691,Q50,156
2018,1b,nymph,24,318,691,Q75,179
2018,1b,nymph,24,318,691,Q90,206
2018,1b,nymph,24,318,691,Q95,243
2018,1b,nymph,24,318,691,Q99,318
2018,2,nymph,93,339,128,Q1,100.83
2018,2,nymph,93,339,128,Q5,122
2018,2,nymph,93,339,128,Q10,122
2018,2,nymph,93,339,128,Q25,159
2018,2,nymph,93,339,128,Q50,192
2018,2,nymph,93,339,128,Q75,253
2018,2,nymph,93,339,128,Q90,261.7
2018,2,nymph,93,339,128,Q95,282
2018,2,nymph,93,339,128,Q99,282
2018,4,nymph,123,334,288,Q1,123
2018,4,nymph,123,334,288,Q5,123
2018,4,nymph,123,334,288,Q10,123
2018,4,nymph,123,334,288,Q25,123
2018,4,nymph,123,334,288,Q50,171
2018,4,nymph,123,334,288,Q75,199
2018,4,nymph,123,334,288,Q90,214
2018,4,nymph,123,334,288,Q95,285
2018,4,nymph,123,334,288,Q99,334
2018,5,nymph,17,351,880,Q1,17
2018,5,nymph,17,351,880,Q5,52
2018,5,nymph,17,351,880,Q10,52
2018,5,nymph,17,351,880,Q25,80
2018,5,nymph,17,351,880,Q50,109
2018,5,nymph,17,351,880,Q75,170
2018,5,nymph,17,351,880,Q90,207.800000000001
2018,5,nymph,17,351,880,Q95,295
2018,5,nymph,17,351,880,Q99,351
2018,6,nymph,25,353,239,Q1,25
2018,6,nymph,25,353,239,Q5,25
2018,6,nymph,25,353,239,Q10,25
2018,6,nymph,25,353,239,Q25,79
2018,6,nymph,25,353,239,Q50,108
2018,6,nymph,25,353,239,Q75,165
2018,6,nymph,25,353,239,Q90,207
2018,6,nymph,25,353,239,Q95,293.6
2018,6,nymph,25,353,239,Q99,353
2018,7,nymph,25,353,303,Q1,25
2018,7,nymph,25,353,303,Q5,25
2018,7,nymph,25,353,303,Q10,25
2018,7,nymph,25,353,303,Q25,108
2018,7,nymph,25,353,303,Q50,131
2018,7,nymph,25,353,303,Q75,165
2018,7,nymph,25,353,303,Q90,186
2018,7,nymph,25,353,303,Q95,204.9
2018,7,nymph,25,353,303,Q99,353
2018,8,nymph,31,347,520,Q1,67
2018,8,nymph,31,347,520,Q5,116
2018,8,nymph,31,347,520,Q10,116
2018,8,nymph,31,347,520,Q25,150
2018,8,nymph,31,347,520,Q50,150
2018,8,nymph,31,347,520,Q75,177
2018,8,nymph,31,347,520,Q90,212
2018,8,nymph,31,347,520,Q95,243
2018,8,nymph,31,347,520,Q99,277
2018,9_200,nymph,113,346,43,Q1,113
2018,9_200,nymph,113,346,43,Q5,113
2018,9_200,nymph,113,346,43,Q10,113
2018,9_200,nymph,113,346,43,Q25,113
2018,9_200,nymph,113,346,43,Q50,144
2018,9_200,nymph,113,346,43,Q75,184.5
2018,9_200,nymph,113,346,43,Q90,285.2
2018,9_200,nymph,113,346,43,Q95,320.7
2018,9_200,nymph,113,346,43,Q99,336.76
2018,10_214,male,113,346,42,Q1,113
2018,10_214,male,113,346,42,Q5,113
2018,10_214,male,113,346,42,Q10,113
2018,10_214,male,113,346,42,Q25,144
2018,10_214,male,113,346,42,Q50,169
2018,10_214,male,113,346,42,Q75,199
2018,10_214,male,113,346,42,Q90,199
2018,10_214,male,113,346,42,Q95,316.799999999999
2018,10_214,male,113,346,42,Q99,323
2018,11_216,male,113,346,64,Q1,113
2018,11_216,male,113,346,64,Q5,113
2018,11_216,male,113,346,64,Q10,113
2018,11_216,male,113,346,64,Q25,113
2018,11_216,male,113,346,64,Q50,144
2018,11_216,male,113,346,64,Q75,169
2018,11_216,male,113,346,64,Q90,199
2018,11_216,male,113,346,64,Q95,323
2018,11_216,male,113,346,64,Q99,331.51
2018,1b,male,24,318,691,Q1,24
2018,1b,male,24,318,691,Q5,68
2018,1b,male,24,318,691,Q10,88
2018,1b,male,24,318,691,Q25,115
2018,1b,male,24,318,691,Q50,156
2018,1b,male,24,318,691,Q75,179
2018,1b,male,24,318,691,Q90,206
2018,1b,male,24,318,691,Q95,243
2018,1b,male,24,318,691,Q99,318
2018,2,male,93,339,128,Q1,100.83
2018,2,male,93,339,128,Q5,122
2018,2,male,93,339,128,Q10,122
2018,2,male,93,339,128,Q25,159
2018,2,male,93,339,128,Q50,192
2018,2,male,93,339,128,Q75,253
2018,2,male,93,339,128,Q90,261.7
2018,2,male,93,339,128,Q95,282
2018,2,male,93,339,128,Q99,282
2018,4,male,123,334,288,Q1,123
2018,4,male,123,334,288,Q5,123
2018,4,male,123,334,288,Q10,123
2018,4,male,123,334,288,Q25,123
2018,4,male,123,334,288,Q50,171
2018,4,male,123,334,288,Q75,199
2018,4,male,123,334,288,Q90,214
2018,4,male,123,334,288,Q95,285
2018,4,male,123,334,288,Q99,334
2018,5,male,17,351,880,Q1,17
2018,5,male,17,351,880,Q5,52
2018,5,male,17,351,880,Q10,52
2018,5,male,17,351,880,Q25,80
2018,5,male,17,351,880,Q50,109
2018,5,male,17,351,880,Q75,170
2018,5,male,17,351,880,Q90,207.800000000001
2018,5,male,17,351,880,Q95,295
2018,5,male,17,351,880,Q99,351
2018,6,male,25,353,239,Q1,25
2018,6,male,25,353,239,Q5,25
2018,6,male,25,353,239,Q10,25
2018,6,male,25,353,239,Q25,79
2018,6,male,25,353,239,Q50,108
2018,6,male,25,353,239,Q75,165
2018,6,male,25,353,239,Q90,207
2018,6,male,25,353,239,Q95,293.6
2018,6,male,25,353,239,Q99,353
2018,7,male,25,353,303,Q1,25
2018,7,male,25,353,303,Q5,25
2018,7,male,25,353,303,Q10,25
2018,7,male,25,353,303,Q25,108
2018,7,male,25,353,303,Q50,131
2018,7,male,25,353,303,Q75,165
2018,7,male,25,353,303,Q90,186
2018,7,male,25,353,303,Q95,204.9
2018,7,male,25,353,303,Q99,353
2018,8,male,31,347,520,Q1,67
2018,8,male,31,347,520,Q5,116
2018,8,male,31,347,520,Q10,116
2018,8,male,31,347,520,Q25,150
2018,8,male,31,347,520,Q50,150
2018,8,male,31,347,520,Q75,177
2018,8,male,31,347,520,Q90,212
2018,8,male,31,347,520,Q95,243
2018,8,male,31,347,520,Q99,277
2018,9_200,male,113,346,43,Q1,113
2018,9_200,male,113,346,43,Q5,113
2018,9_200,male,113,346,43,Q10,113
2018,9_200,male,113,346,43,Q25,113
2018,9_200,male,113,346,43,Q50,144
2018,9_200,male,113,346,43,Q75,184.5
2018,9_200,male,113,346,43,Q90,285.2
2018,9_200,male,113,346,43,Q95,320.7
2018,9_200,male,113,346,43,Q99,336.76
2018,10_214,female,113,346,42,Q1,113
2018,10_214,female,113,346,42,Q5,113
2018,10_214,female,113,346,42,Q10,113
2018,10_214,female,113,346,42,Q25,144
2018,10_214,female,113,346,42,Q50,169
2018,10_214,female,113,346,42,Q75,199
2018,10_214,female,113,346,42,Q90,199
2018,10_214,female,113,346,42,Q95,316.799999999999
2018,10_214,female,113,346,42,Q99,323
2018,11_216,female,113,346,64,Q1,113
2018,11_216,female,113,346,64,Q5,113
2018,11_216,female,113,346,64,Q10,113
2018,11_216,female,113,346,64,Q25,113
2018,11_216,female,113,346,64,Q50,144
2018,11_216,female,113,346,64,Q75,169
2018,11_216,female,113,346,64,Q90,199
2018,11_216,female,113,346,64,Q95,323
2018,11_216,female,113,346,64,Q99,331.51
2018,1b,female,24,318,691,Q1,24
2018,1b,female,24,318,691,Q5,68
2018,1b,female,24,318,691,Q10,88
2018,1b,female,24,318,691,Q25,115
2018,1b,female,24,318,691,Q50,156
2018,1b,female,24,318,691,Q75,179
2018,1b,female,24,318,691,Q90,206
2018,1b,female,24,318,691,Q95,243
2018,1b,female,24,318,691,Q99,318
2018,2,female,93,339,128,Q1,100.83
2018,2,female,93,339,128,Q5,122
2018,2,female,93,339,128,Q10,122
2018,2,female,93,339,128,Q25,159
2018,2,female,93,339,128,Q50,192
2018,2,female,93,339,128,Q75,253
2018,2,female,93,339,128,Q90,261.7
2018,2,female,93,339,128,Q95,282
2018,2,female,93,339,128,Q99,282
2018,4,female,123,334,288,Q1,123
2018,4,female,123,334,288,Q5,123
2018,4,female,123,334,288,Q10,123
2018,4,female,123,334,288,Q25,123
2018,4,female,123,334,288,Q50,171
2018,4,female,123,334,288,Q75,199
2018,4,female,123,334,288,Q90,214
2018,4,female,123,334,288,Q95,285
2018,4,female,123,334,288,Q99,334
2018,5,female,17,351,880,Q1,17
2018,5,female,17,351,880,Q5,52
2018,5,female,17,351,880,Q10,52
2018,5,female,17,351,880,Q25,80
2018,5,female,17,351,880,Q50,109
2018,5,female,17,351,880,Q75,170
2018,5,female,17,351,880,Q90,207.800000000001
2018,5,female,17,351,880,Q95,295
2018,5,female,17,351,880,Q99,351
2018,6,female,25,353,239,Q1,25
2018,6,female,25,353,239,Q5,25
2018,6,female,25,353,239,Q10,25
2018,6,female,25,353,239,Q25,79
2018,6,female,25,353,239,Q50,108
2018,6,female,25,353,239,Q75,165
2018,6,female,25,353,239,Q90,207
2018,6,female,25,353,239,Q95,293.6
2018,6,female,25,353,239,Q99,353
2018,7,female,25,353,303,Q1,25
2018,7,female,25,353,303,Q5,25
2018,7,female,25,353,303,Q10,25
2018,7,female,25,353,303,Q25,108
2018,7,female,25,353,303,Q50,131
2018,7,female,25,353,303,Q75,165
2018,7,female,25,353,303,Q90,186
2018,7,female,25,353,303,Q95,204.9
2018,7,female,25,353,303,Q99,353
2018,8,female,31,347,520,Q1,67
2018,8,female,31,347,520,Q5,116
2018,8,female,31,347,520,Q10,116
2018,8,female,31,347,520,Q25,150
2018,8,female,31,347,520,Q50,150
2018,8,female,31,347,520,Q75,177
2018,8,female,31,347,520,Q90,212
2018,8,female,31,347,520,Q95,243
2018,8,female,31,347,520,Q99,277
2018,9_200,female,113,346,43,Q1,113
2018,9_200,female,113,346,43,Q5,113
2018,9_200,female,113,346,43,Q10,113
2018,9_200,female,113,346,43,Q25,113
2018,9_200,female,113,346,43,Q50,144
2018,9_200,female,113,346,43,Q75,184.5
2018,9_200,female,113,346,43,Q90,285.2
2018,9_200,female,113,346,43,Q95,320.7
2018,9_200,female,113,346,43,Q99,336.76
2019,10_214,nymph,15,353,38,Q1,39.05
2019,10_214,nymph,15,353,38,Q5,80
2019,10_214,nymph,15,353,38,Q10,80
2019,10_214,nymph,15,353,38,Q25,86.75
2019,10_214,nymph,15,353,38,Q50,135
2019,10_214,nymph,15,353,38,Q75,168
2019,10_214,nymph,15,353,38,Q90,329
2019,10_214,nymph,15,353,38,Q95,329
2019,10_214,nymph,15,353,38,Q99,329
2019,11_216,nymph,15,353,99,Q1,15
2019,11_216,nymph,15,353,99,Q5,40.2
2019,11_216,nymph,15,353,99,Q10,80
2019,11_216,nymph,15,353,99,Q25,93.5
2019,11_216,nymph,15,353,99,Q50,135
2019,11_216,nymph,15,353,99,Q75,168
2019,11_216,nymph,15,353,99,Q90,330
2019,11_216,nymph,15,353,99,Q95,353
2019,11_216,nymph,15,353,99,Q99,353
2019,1b,nymph,15,346,906,Q1,56
2019,1b,nymph,15,346,906,Q5,80
2019,1b,nymph,15,346,906,Q10,95
2019,1b,nymph,15,346,906,Q25,141
2019,1b,nymph,15,346,906,Q50,170
2019,1b,nymph,15,346,906,Q75,170
2019,1b,nymph,15,346,906,Q90,190
2019,1b,nymph,15,346,906,Q95,190
2019,1b,nymph,15,346,906,Q99,240
2019,2,nymph,51,330,173,Q1,107
2019,2,nymph,51,330,173,Q5,107
2019,2,nymph,51,330,173,Q10,135
2019,2,nymph,51,330,173,Q25,169
2019,2,nymph,51,330,173,Q50,192
2019,2,nymph,51,330,173,Q75,220
2019,2,nymph,51,330,173,Q90,261
2019,2,nymph,51,330,173,Q95,298
2019,2,nymph,51,330,173,Q99,330
2019,4,nymph,44,352,481,Q1,86
2019,4,nymph,44,352,481,Q5,86
2019,4,nymph,44,352,481,Q10,86
2019,4,nymph,44,352,481,Q25,106
2019,4,nymph,44,352,481,Q50,137
2019,4,nymph,44,352,481,Q75,177
2019,4,nymph,44,352,481,Q90,177
2019,4,nymph,44,352,481,Q95,218
2019,4,nymph,44,352,481,Q99,318.4
2019,5,nymph,15,352,1035,Q1,15
2019,5,nymph,15,352,1035,Q5,15
2019,5,nymph,15,352,1035,Q10,53
2019,5,nymph,15,352,1035,Q25,81
2019,5,nymph,15,352,1035,Q50,108
2019,5,nymph,15,352,1035,Q75,137
2019,5,nymph,15,352,1035,Q90,273
2019,5,nymph,15,352,1035,Q95,319
2019,5,nymph,15,352,1035,Q99,352
2019,6,nymph,24,352,824,Q1,24
2019,6,nymph,24,352,824,Q5,50
2019,6,nymph,24,352,824,Q10,79
2019,6,nymph,24,352,824,Q25,107
2019,6,nymph,24,352,824,Q50,143
2019,6,nymph,24,352,824,Q75,158
2019,6,nymph,24,352,824,Q90,290
2019,6,nymph,24,352,824,Q95,319
2019,6,nymph,24,352,824,Q99,352
2019,7,nymph,24,352,369,Q1,24
2019,7,nymph,24,352,369,Q5,50
2019,7,nymph,24,352,369,Q10,50
2019,7,nymph,24,352,369,Q25,107
2019,7,nymph,24,352,369,Q50,143
2019,7,nymph,24,352,369,Q75,158
2019,7,nymph,24,352,369,Q90,192
2019,7,nymph,24,352,369,Q95,290
2019,7,nymph,24,352,369,Q99,329.56
2019,8,nymph,16,353,299,Q1,81
2019,8,nymph,16,353,299,Q5,81
2019,8,nymph,16,353,299,Q10,105
2019,8,nymph,16,353,299,Q25,148
2019,8,nymph,16,353,299,Q50,148
2019,8,nymph,16,353,299,Q75,172
2019,8,nymph,16,353,299,Q90,199
2019,8,nymph,16,353,299,Q95,263
2019,8,nymph,16,353,299,Q99,295.619999999999
2019,9_200,nymph,15,353,50,Q1,15
2019,9_200,nymph,15,353,50,Q5,43
2019,9_200,nymph,15,353,50,Q10,43
2019,9_200,nymph,15,353,50,Q25,80
2019,9_200,nymph,15,353,50,Q50,104
2019,9_200,nymph,15,353,50,Q75,135
2019,9_200,nymph,15,353,50,Q90,168
2019,9_200,nymph,15,353,50,Q95,168
2019,9_200,nymph,15,353,50,Q99,227.7
2019,10_214,male,15,353,38,Q1,39.05
2019,10_214,male,15,353,38,Q5,80
2019,10_214,male,15,353,38,Q10,80
2019,10_214,male,15,353,38,Q25,86.75
2019,10_214,male,15,353,38,Q50,135
2019,10_214,male,15,353,38,Q75,168
2019,10_214,male,15,353,38,Q90,329
2019,10_214,male,15,353,38,Q95,329
2019,10_214,male,15,353,38,Q99,329
2019,11_216,male,15,353,99,Q1,15
2019,11_216,male,15,353,99,Q5,40.2
2019,11_216,male,15,353,99,Q10,80
2019,11_216,male,15,353,99,Q25,93.5
2019,11_216,male,15,353,99,Q50,135
2019,11_216,male,15,353,99,Q75,168
2019,11_216,male,15,353,99,Q90,330
2019,11_216,male,15,353,99,Q95,353
2019,11_216,male,15,353,99,Q99,353
2019,1b,male,15,346,906,Q1,56
2019,1b,male,15,346,906,Q5,80
2019,1b,male,15,346,906,Q10,95
2019,1b,male,15,346,906,Q25,141
2019,1b,male,15,346,906,Q50,170
2019,1b,male,15,346,906,Q75,170
2019,1b,male,15,346,906,Q90,190
2019,1b,male,15,346,906,Q95,190
2019,1b,male,15,346,906,Q99,240
2019,2,male,51,330,173,Q1,107
2019,2,male,51,330,173,Q5,107
2019,2,male,51,330,173,Q10,135
2019,2,male,51,330,173,Q25,169
2019,2,male,51,330,173,Q50,192
2019,2,male,51,330,173,Q75,220
2019,2,male,51,330,173,Q90,261
2019,2,male,51,330,173,Q95,298
2019,2,male,51,330,173,Q99,330
2019,4,male,44,352,481,Q1,86
2019,4,male,44,352,481,Q5,86
2019,4,male,44,352,481,Q10,86
2019,4,male,44,352,481,Q25,106
2019,4,male,44,352,481,Q50,137
2019,4,male,44,352,481,Q75,177
2019,4,male,44,352,481,Q90,177
2019,4,male,44,352,481,Q95,218
2019,4,male,44,352,481,Q99,318.4
2019,5,male,15,352,1035,Q1,15
2019,5,male,15,352,1035,Q5,15
2019,5,male,15,352,1035,Q10,53
2019,5,male,15,352,1035,Q25,81
2019,5,male,15,352,1035,Q50,108
2019,5,male,15,352,1035,Q75,137
2019,5,male,15,352,1035,Q90,273
2019,5,male,15,352,1035,Q95,319
2019,5,male,15,352,1035,Q99,352
2019,6,male,24,352,824,Q1,24
2019,6,male,24,352,824,Q5,50
2019,6,male,24,352,824,Q10,79
2019,6,male,24,352,824,Q25,107
2019,6,male,24,352,824,Q50,143
2019,6,male,24,352,824,Q75,158
2019,6,male,24,352,824,Q90,290
2019,6,male,24,352,824,Q95,319
2019,6,male,24,352,824,Q99,352
2019,7,male,24,352,369,Q1,24
2019,7,male,24,352,369,Q5,50
2019,7,male,24,352,369,Q10,50
2019,7,male,24,352,369,Q25,107
2019,7,male,24,352,369,Q50,143
2019,7,male,24,352,369,Q75,158
2019,7,male,24,352,369,Q90,192
2019,7,male,24,352,369,Q95,290
2019,7,male,24,352,369,Q99,329.56
2019,8,male,16,353,299,Q1,81
2019,8,male,16,353,299,Q5,81
2019,8,male,16,353,299,Q10,105
2019,8,male,16,353,299,Q25,148
2019,8,male,16,353,299,Q50,148
2019,8,male,16,353,299,Q75,172
2019,8,male,16,353,299,Q90,199
2019,8,male,16,353,299,Q95,263
2019,8,male,16,353,299,Q99,295.619999999999
2019,9_200,male,15,353,50,Q1,15
2019,9_200,male,15,353,50,Q5,43
2019,9_200,male,15,353,50,Q10,43
2019,9_200,male,15,353,50,Q25,80
2019,9_200,male,15,353,50,Q50,104
2019,9_200,male,15,353,50,Q75,135
2019,9_200,male,15,353,50,Q90,168
2019,9_200,male,15,353,50,Q95,168
2019,9_200,male,15,353,50,Q99,227.7
2019,10_214,female,15,353,38,Q1,39.05
2019,10_214,female,15,353,38,Q5,80
2019,10_214,female,15,353,38,Q10,80
2019,10_214,female,15,353,38,Q25,86.75
2019,10_214,female,15,353,38,Q50,135
2019,10_214,female,15,353,38,Q75,168
2019,10_214,female,15,353,38,Q90,329
2019,10_214,female,15,353,38,Q95,329
2019,10_214,female,15,353,38,Q99,329
2019,11_216,female,15,353,99,Q1,15
2019,11_216,female,15,353,99,Q5,40.2
2019,11_216,female,15,353,99,Q10,80
2019,11_216,female,15,353,99,Q25,93.5
2019,11_216,female,15,353,99,Q50,135
2019,11_216,female,15,353,99,Q75,168
2019,11_216,female,15,353,99,Q90,330
2019,11_216,female,15,353,99,Q95,353
2019,11_216,female,15,353,99,Q99,353
2019,1b,female,15,346,906,Q1,56
2019,1b,female,15,346,906,Q5,80
2019,1b,female,15,346,906,Q10,95
2019,1b,female,15,346,906,Q25,141
2019,1b,female,15,346,906,Q50,170
2019,1b,female,15,346,906,Q75,170
2019,1b,female,15,346,906,Q90,190
2019,1b,female,15,346,906,Q95,190
2019,1b,female,15,346,906,Q99,240
2019,2,female,51,330,173,Q1,107
2019,2,female,51,330,173,Q5,107
2019,2,female,51,330,173,Q10,135
2019,2,female,51,330,173,Q25,169
2019,2,female,51,330,173,Q50,192
2019,2,female,51,330,173,Q75,220
2019,2,female,51,330,173,Q90,261
2019,2,female,51,330,173,Q95,298
2019,2,female,51,330,173,Q99,330
2019,4,female,44,352,481,Q1,86
2019,4,female,44,352,481,Q5,86
2019,4,female,44,352,481,Q10,86
2019,4,female,44,352,481,Q25,106
2019,4,female,44,352,481,Q50,137
2019,4,female,44,352,481,Q75,177
2019,4,female,44,352,481,Q90,177
2019,4,female,44,352,481,Q95,218
2019,4,female,44,352,481,Q99,318.4
2019,5,female,15,352,1035,Q1,15
2019,5,female,15,352,1035,Q5,15
2019,5,female,15,352,1035,Q10,53
2019,5,female,15,352,1035,Q25,81
2019,5,female,15,352,1035,Q50,108
2019,5,female,15,352,1035,Q75,137
2019,5,female,15,352,1035,Q90,273
2019,5,female,15,352,1035,Q95,319
2019,5,female,15,352,1035,Q99,352
2019,6,female,24,352,824,Q1,24
2019,6,female,24,352,824,Q5,50
2019,6,female,24,352,824,Q10,79
2019,6,female,24,352,824,Q25,107
2019,6,female,24,352,824,Q50,143
2019,6,female,24,352,824,Q75,158
2019,6,female,24,352,824,Q90,290
2019,6,female,24,352,824,Q95,319
2019,6,female,24,352,824,Q99,352
2019,7,female,24,352,369,Q1,24
2019,7,female,24,352,369,Q5,50
2019,7,female,24,352,369,Q10,50
2019,7,female,24,352,369,Q25,107
2019,7,female,24,352,369,Q50,143
2019,7,female,24,352,369,Q75,158
2019,7,female,24,352,369,Q90,192
2019,7,female,24,352,369,Q95,290
2019,7,female,24,352,369,Q99,329.56
2019,8,female,16,353,299,Q1,81
2019,8,female,16,353,299,Q5,81
2019,8,female,16,353,299,Q10,105
2019,8,female,16,353,299,Q25,148
2019,8,female,16,353,299,Q50,148
2019,8,female,16,353,299,Q75,172
2019,8,female,16,353,299,Q90,199
2019,8,female,16,353,299,Q95,263
2019,8,female,16,353,299,Q99,295.619999999999
2019,9_200,female,15,353,50,Q1,15
2019,9_200,female,15,353,50,Q5,43
2019,9_200,female,15,353,50,Q10,43
2019,9_200,female,15,353,50,Q25,80
2019,9_200,female,15,353,50,Q50,104
2019,9_200,female,15,353,50,Q75,135
2019,9_200,female,15,353,50,Q90,168
2019,9_200,female,15,353,50,Q95,168
2019,9_200,female,15,353,50,Q99,227.7
2020,10_214,nymph,21,353,20,Q1,64
2020,10_214,nymph,21,353,20,Q5,64
2020,10_214,nymph,21,353,20,Q10,127.9
2020,10_214,nymph,21,353,20,Q25,135
2020,10_214,nymph,21,353,20,Q50,135
2020,10_214,nymph,21,353,20,Q75,162
2020,10_214,nymph,21,353,20,Q90,164.9
2020,10_214,nymph,21,353,20,Q95,195.9
2020,10_214,nymph,21,353,20,Q99,270.38
2020,11_216,nymph,21,353,79,Q1,21
2020,11_216,nymph,21,353,79,Q5,42
2020,11_216,nymph,21,353,79,Q10,64
2020,11_216,nymph,21,353,79,Q25,135
2020,11_216,nymph,21,353,79,Q50,162
2020,11_216,nymph,21,353,79,Q75,162
2020,11_216,nymph,21,353,79,Q90,289
2020,11_216,nymph,21,353,79,Q95,322
2020,11_216,nymph,21,353,79,Q99,322
2020,1b,nymph,31,364,211,Q1,33.4
2020,1b,nymph,31,364,211,Q5,55
2020,1b,nymph,31,364,211,Q10,141
2020,1b,nymph,31,364,211,Q25,141
2020,1b,nymph,31,364,211,Q50,171
2020,1b,nymph,31,364,211,Q75,171
2020,1b,nymph,31,364,211,Q90,190
2020,1b,nymph,31,364,211,Q95,274
2020,1b,nymph,31,364,211,Q99,335
2020,2,nymph,15,330,125,Q1,148
2020,2,nymph,15,330,125,Q5,148
2020,2,nymph,15,330,125,Q10,148
2020,2,nymph,15,330,125,Q25,176
2020,2,nymph,15,330,125,Q50,199
2020,2,nymph,15,330,125,Q75,199
2020,2,nymph,15,330,125,Q90,218
2020,2,nymph,15,330,125,Q95,260
2020,2,nymph,15,330,125,Q99,294
2020,4,nymph,178,178,42,Q1,178
2020,4,nymph,178,178,42,Q5,178
2020,4,nymph,178,178,42,Q10,178
2020,4,nymph,178,178,42,Q25,178
2020,4,nymph,178,178,42,Q50,178
2020,4,nymph,178,178,42,Q75,178
2020,4,nymph,178,178,42,Q90,178
2020,4,nymph,178,178,42,Q95,178
2020,4,nymph,178,178,42,Q99,178
2020,5,nymph,21,352,405,Q1,21
2020,5,nymph,21,352,405,Q5,21
2020,5,nymph,21,352,405,Q10,50
2020,5,nymph,21,352,405,Q25,50
2020,5,nymph,21,352,405,Q50,139
2020,5,nymph,21,352,405,Q75,174
2020,5,nymph,21,352,405,Q90,289
2020,5,nymph,21,352,405,Q95,322
2020,5,nymph,21,352,405,Q99,352
2020,6,nymph,14,352,875,Q1,14
2020,6,nymph,14,352,875,Q5,14
2020,6,nymph,14,352,875,Q10,56
2020,6,nymph,14,352,875,Q25,56
2020,6,nymph,14,352,875,Q50,107
2020,6,nymph,14,352,875,Q75,147
2020,6,nymph,14,352,875,Q90,175
2020,6,nymph,14,352,875,Q95,226
2020,6,nymph,14,352,875,Q99,352
2020,7,nymph,14,352,172,Q1,14
2020,7,nymph,14,352,172,Q5,14
2020,7,nymph,14,352,172,Q10,56
2020,7,nymph,14,352,172,Q25,56
2020,7,nymph,14,352,172,Q50,107
2020,7,nymph,14,352,172,Q75,147
2020,7,nymph,14,352,172,Q90,290.5
2020,7,nymph,14,352,172,Q95,294
2020,7,nymph,14,352,172,Q99,332.83
2020,8,nymph,15,349,265,Q1,105
2020,8,nymph,15,349,265,Q5,105
2020,8,nymph,15,349,265,Q10,105
2020,8,nymph,15,349,265,Q25,140
2020,8,nymph,15,349,265,Q50,182
2020,8,nymph,15,349,265,Q75,182
2020,8,nymph,15,349,265,Q90,206
2020,8,nymph,15,349,265,Q95,206
2020,8,nymph,15,349,265,Q99,246
2020,9_200,nymph,21,353,34,Q1,21
2020,9_200,nymph,21,353,34,Q5,21
2020,9_200,nymph,21,353,34,Q10,42
2020,9_200,nymph,21,353,34,Q25,64
2020,9_200,nymph,21,353,34,Q50,162
2020,9_200,nymph,21,353,34,Q75,264.5
2020,9_200,nymph,21,353,34,Q90,322
2020,9_200,nymph,21,353,34,Q95,322
2020,9_200,nymph,21,353,34,Q99,342.77
2020,10_214,male,21,353,20,Q1,64
2020,10_214,male,21,353,20,Q5,64
2020,10_214,male,21,353,20,Q10,127.9
2020,10_214,male,21,353,20,Q25,135
2020,10_214,male,21,353,20,Q50,135
2020,10_214,male,21,353,20,Q75,162
2020,10_214,male,21,353,20,Q90,164.9
2020,10_214,male,21,353,20,Q95,195.9
2020,10_214,male,21,353,20,Q99,270.38
2020,11_216,male,21,353,79,Q1,21
2020,11_216,male,21,353,79,Q5,42
2020,11_216,male,21,353,79,Q10,64
2020,11_216,male,21,353,79,Q25,135
2020,11_216,male,21,353,79,Q50,162
2020,11_216,male,21,353,79,Q75,162
2020,11_216,male,21,353,79,Q90,289
2020,11_216,male,21,353,79,Q95,322
2020,11_216,male,21,353,79,Q99,322
2020,1b,male,31,364,211,Q1,33.4
2020,1b,male,31,364,211,Q5,55
2020,1b,male,31,364,211,Q10,141
2020,1b,male,31,364,211,Q25,141
2020,1b,male,31,364,211,Q50,171
2020,1b,male,31,364,211,Q75,171
2020,1b,male,31,364,211,Q90,190
2020,1b,male,31,364,211,Q95,274
2020,1b,male,31,364,211,Q99,335
2020,2,male,15,330,125,Q1,148
2020,2,male,15,330,125,Q5,148
2020,2,male,15,330,125,Q10,148
2020,2,male,15,330,125,Q25,176
2020,2,male,15,330,125,Q50,199
2020,2,male,15,330,125,Q75,199
2020,2,male,15,330,125,Q90,218
2020,2,male,15,330,125,Q95,260
2020,2,male,15,330,125,Q99,294
2020,4,male,178,178,42,Q1,178
2020,4,male,178,178,42,Q5,178
2020,4,male,178,178,42,Q10,178
2020,4,male,178,178,42,Q25,178
2020,4,male,178,178,42,Q50,178
2020,4,male,178,178,42,Q75,178
2020,4,male,178,178,42,Q90,178
2020,4,male,178,178,42,Q95,178
2020,4,male,178,178,42,Q99,178
2020,5,male,21,352,405,Q1,21
2020,5,male,21,352,405,Q5,21
2020,5,male,21,352,405,Q10,50
2020,5,male,21,352,405,Q25,50
2020,5,male,21,352,405,Q50,139
2020,5,male,21,352,405,Q75,174
2020,5,male,21,352,405,Q90,289
2020,5,male,21,352,405,Q95,322
2020,5,male,21,352,405,Q99,352
2020,6,male,14,352,875,Q1,14
2020,6,male,14,352,875,Q5,14
2020,6,male,14,352,875,Q10,56
2020,6,male,14,352,875,Q25,56
2020,6,male,14,352,875,Q50,107
2020,6,male,14,352,875,Q75,147
2020,6,male,14,352,875,Q90,175
2020,6,male,14,352,875,Q95,226
2020,6,male,14,352,875,Q99,352
2020,7,male,14,352,172,Q1,14
2020,7,male,14,352,172,Q5,14
2020,7,male,14,352,172,Q10,56
2020,7,male,14,352,172,Q25,56
2020,7,male,14,352,172,Q50,107
2020,7,male,14,352,172,Q75,147
2020,7,male,14,352,172,Q90,290.5
2020,7,male,14,352,172,Q95,294
2020,7,male,14,352,172,Q99,332.83
2020,8,male,15,349,265,Q1,105
2020,8,male,15,349,265,Q5,105
2020,8,male,15,349,265,Q10,105
2020,8,male,15,349,265,Q25,140
2020,8,male,15,349,265,Q50,182
2020,8,male,15,349,265,Q75,182
2020,8,male,15,349,265,Q90,206
2020,8,male,15,349,265,Q95,206
2020,8,male,15,349,265,Q99,246
2020,9_200,male,21,353,34,Q1,21
2020,9_200,male,21,353,34,Q5,21
2020,9_200,male,21,353,34,Q10,42
2020,9_200,male,21,353,34,Q25,64
2020,9_200,male,21,353,34,Q50,162
2020,9_200,male,21,353,34,Q75,264.5
2020,9_200,male,21,353,34,Q90,322
2020,9_200,male,21,353,34,Q95,322
2020,9_200,male,21,353,34,Q99,342.77
2020,10_214,female,21,353,20,Q1,64
2020,10_214,female,21,353,20,Q5,64
2020,10_214,female,21,353,20,Q10,127.9
2020,10_214,female,21,353,20,Q25,135
2020,10_214,female,21,353,20,Q50,135
2020,10_214,female,21,353,20,Q75,162
2020,10_214,female,21,353,20,Q90,164.9
2020,10_214,female,21,353,20,Q95,195.9
2020,10_214,female,21,353,20,Q99,270.38
2020,11_216,female,21,353,79,Q1,21
2020,11_216,female,21,353,79,Q5,42
2020,11_216,female,21,353,79,Q10,64
2020,11_216,female,21,353,79,Q25,135
2020,11_216,female,21,353,79,Q50,162
2020,11_216,female,21,353,79,Q75,162
2020,11_216,female,21,353,79,Q90,289
2020,11_216,female,21,353,79,Q95,322
2020,11_216,female,21,353,79,Q99,322
2020,1b,female,31,364,211,Q1,33.4
2020,1b,female,31,364,211,Q5,55
2020,1b,female,31,364,211,Q10,141
2020,1b,female,31,364,211,Q25,141
2020,1b,female,31,364,211,Q50,171
2020,1b,female,31,364,211,Q75,171
2020,1b,female,31,364,211,Q90,190
2020,1b,female,31,364,211,Q95,274
2020,1b,female,31,364,211,Q99,335
2020,2,female,15,330,125,Q1,148
2020,2,female,15,330,125,Q5,148
2020,2,female,15,330,125,Q10,148
2020,2,female,15,330,125,Q25,176
2020,2,female,15,330,125,Q50,199
2020,2,female,15,330,125,Q75,199
2020,2,female,15,330,125,Q90,218
2020,2,female,15,330,125,Q95,260
2020,2,female,15,330,125,Q99,294
2020,4,female,178,178,42,Q1,178
2020,4,female,178,178,42,Q5,178
2020,4,female,178,178,42,Q10,178
2020,4,female,178,178,42,Q25,178
2020,4,female,178,178,42,Q50,178
2020,4,female,178,178,42,Q75,178
2020,4,female,178,178,42,Q90,178
2020,4,female,178,178,42,Q95,178
2020,4,female,178,178,42,Q99,178
2020,5,female,21,352,405,Q1,21
2020,5,female,21,352,405,Q5,21
2020,5,female,21,352,405,Q10,50
2020,5,female,21,352,405,Q25,50
2020,5,female,21,352,405,Q50,139
2020,5,female,21,352,405,Q75,174
2020,5,female,21,352,405,Q90,289
2020,5,female,21,352,405,Q95,322
2020,5,female,21,352,405,Q99,352
2020,6,female,14,352,875,Q1,14
2020,6,female,14,352,875,Q5,14
2020,6,female,14,352,875,Q10,56
2020,6,female,14,352,875,Q25,56
2020,6,female,14,352,875,Q50,107
2020,6,female,14,352,875,Q75,147
2020,6,female,14,352,875,Q90,175
2020,6,female,14,352,875,Q95,226
2020,6,female,14,352,875,Q99,352
2020,7,female,14,352,172,Q1,14
2020,7,female,14,352,172,Q5,14
2020,7,female,14,352,172,Q10,56
2020,7,female,14,352,172,Q25,56
2020,7,female,14,352,172,Q50,107
2020,7,female,14,352,172,Q75,147
2020,7,female,14,352,172,Q90,290.5
2020,7,female,14,352,172,Q95,294
2020,7,female,14,352,172,Q99,332.83
2020,8,female,15,349,265,Q1,105
2020,8,female,15,349,265,Q5,105
2020,8,female,15,349,265,Q10,105
2020,8,female,15,349,265,Q25,140
2020,8,female,15,349,265,Q50,182
2020,8,female,15,349,265,Q75,182
2020,8,female,15,349,265,Q90,206
2020,8,female,15,349,265,Q95,206
2020,8,female,15,349,265,Q99,246
2020,9_200,female,21,353,34,Q1,21
2020,9_200,female,21,353,34,Q5,21
2020,9_200,female,21,353,34,Q10,42
2020,9_200,female,21,353,34,Q25,64
2020,9_200,female,21,353,34,Q50,162
2020,9_200,female,21,353,34,Q75,264.5
2020,9_200,female,21,353,34,Q90,322
2020,9_200,female,21,353,34,Q95,322
2020,9_200,female,21,353,34,Q99,342.77
2021,10_214,nymph,20,138,9,Q1,22.4
2021,10_214,nymph,20,138,9,Q5,32
2021,10_214,nymph,20,138,9,Q10,44
2021,10_214,nymph,20,138,9,Q25,98
2021,10_214,nymph,20,138,9,Q50,138
2021,10_214,nymph,20,138,9,Q75,138
2021,10_214,nymph,20,138,9,Q90,138
2021,10_214,nymph,20,138,9,Q95,138
2021,10_214,nymph,20,138,9,Q99,138
2021,11_216,nymph,20,138,39,Q1,50
2021,11_216,nymph,20,138,39,Q5,50
2021,11_216,nymph,20,138,39,Q10,50
2021,11_216,nymph,20,138,39,Q25,83
2021,11_216,nymph,20,138,39,Q50,98
2021,11_216,nymph,20,138,39,Q75,118
2021,11_216,nymph,20,138,39,Q90,138
2021,11_216,nymph,20,138,39,Q95,138
2021,11_216,nymph,20,138,39,Q99,138
2021,1b,nymph,25,146,181,Q1,25
2021,1b,nymph,25,146,181,Q5,57
2021,1b,nymph,25,146,181,Q10,57
2021,1b,nymph,25,146,181,Q25,98
2021,1b,nymph,25,146,181,Q50,125
2021,1b,nymph,25,146,181,Q75,146
2021,1b,nymph,25,146,181,Q90,146
2021,1b,nymph,25,146,181,Q95,146
2021,1b,nymph,25,146,181,Q99,146
2021,2,nymph,36,161,49,Q1,84.8
2021,2,nymph,36,161,49,Q5,117.8
2021,2,nymph,36,161,49,Q10,140
2021,2,nymph,36,161,49,Q25,140
2021,2,nymph,36,161,49,Q50,161
2021,2,nymph,36,161,49,Q75,161
2021,2,nymph,36,161,49,Q90,161
2021,2,nymph,36,161,49,Q95,161
2021,2,nymph,36,161,49,Q99,161
2021,4,nymph,90,138,202,Q1,90
2021,4,nymph,90,138,202,Q5,90
2021,4,nymph,90,138,202,Q10,90
2021,4,nymph,90,138,202,Q25,90
2021,4,nymph,90,138,202,Q50,117
2021,4,nymph,90,138,202,Q75,138
2021,4,nymph,90,138,202,Q90,138
2021,4,nymph,90,138,202,Q95,138
2021,4,nymph,90,138,202,Q99,138
2021,5,nymph,19,140,395,Q1,19
2021,5,nymph,19,140,395,Q5,19
2021,5,nymph,19,140,395,Q10,50
2021,5,nymph,19,140,395,Q25,50
2021,5,nymph,19,140,395,Q50,76
2021,5,nymph,19,140,395,Q75,103
2021,5,nymph,19,140,395,Q90,140
2021,5,nymph,19,140,395,Q95,140
2021,5,nymph,19,140,395,Q99,140
2021,6,nymph,21,166,537,Q1,21
2021,6,nymph,21,166,537,Q5,21
2021,6,nymph,21,166,537,Q10,41.4000000000001
2021,6,nymph,21,166,537,Q25,82
2021,6,nymph,21,166,537,Q50,110
2021,6,nymph,21,166,537,Q75,147
2021,6,nymph,21,166,537,Q90,166
2021,6,nymph,21,166,537,Q95,166
2021,6,nymph,21,166,537,Q99,166
2021,7,nymph,21,166,92,Q1,21
2021,7,nymph,21,166,92,Q5,21
2021,7,nymph,21,166,92,Q10,21
2021,7,nymph,21,166,92,Q25,55
2021,7,nymph,21,166,92,Q50,96
2021,7,nymph,21,166,92,Q75,147
2021,7,nymph,21,166,92,Q90,147
2021,7,nymph,21,166,92,Q95,155.55
2021,7,nymph,21,166,92,Q99,166
2021,8,nymph,26,152,221,Q1,68
2021,8,nymph,26,152,221,Q5,68
2021,8,nymph,26,152,221,Q10,68
2021,8,nymph,26,152,221,Q25,68
2021,8,nymph,26,152,221,Q50,106
2021,8,nymph,26,152,221,Q75,152
2021,8,nymph,26,152,221,Q90,152
2021,8,nymph,26,152,221,Q95,152
2021,8,nymph,26,152,221,Q99,152
2021,9_200,nymph,20,138,70,Q1,20
2021,9_200,nymph,20,138,70,Q5,33.5
2021,9_200,nymph,20,138,70,Q10,50
2021,9_200,nymph,20,138,70,Q25,83
2021,9_200,nymph,20,138,70,Q50,98
2021,9_200,nymph,20,138,70,Q75,98
2021,9_200,nymph,20,138,70,Q90,138
2021,9_200,nymph,20,138,70,Q95,138
2021,9_200,nymph,20,138,70,Q99,138
2021,10_214,male,20,138,9,Q1,22.4
2021,10_214,male,20,138,9,Q5,32
2021,10_214,male,20,138,9,Q10,44
2021,10_214,male,20,138,9,Q25,98
2021,10_214,male,20,138,9,Q50,138
2021,10_214,male,20,138,9,Q75,138
2021,10_214,male,20,138,9,Q90,138
2021,10_214,male,20,138,9,Q95,138
2021,10_214,male,20,138,9,Q99,138
2021,11_216,male,20,138,39,Q1,50
2021,11_216,male,20,138,39,Q5,50
2021,11_216,male,20,138,39,Q10,50
2021,11_216,male,20,138,39,Q25,83
2021,11_216,male,20,138,39,Q50,98
2021,11_216,male,20,138,39,Q75,118
2021,11_216,male,20,138,39,Q90,138
2021,11_216,male,20,138,39,Q95,138
2021,11_216,male,20,138,39,Q99,138
2021,1b,male,25,146,181,Q1,25
2021,1b,male,25,146,181,Q5,57
2021,1b,male,25,146,181,Q10,57
2021,1b,male,25,146,181,Q25,98
2021,1b,male,25,146,181,Q50,125
2021,1b,male,25,146,181,Q75,146
2021,1b,male,25,146,181,Q90,146
2021,1b,male,25,146,181,Q95,146
2021,1b,male,25,146,181,Q99,146
2021,2,male,36,161,49,Q1,84.8
2021,2,male,36,161,49,Q5,117.8
2021,2,male,36,161,49,Q10,140
2021,2,male,36,161,49,Q25,140
2021,2,male,36,161,49,Q50,161
2021,2,male,36,161,49,Q75,161
2021,2,male,36,161,49,Q90,161
2021,2,male,36,161,49,Q95,161
2021,2,male,36,161,49,Q99,161
2021,4,male,90,138,202,Q1,90
2021,4,male,90,138,202,Q5,90
2021,4,male,90,138,202,Q10,90
2021,4,male,90,138,202,Q25,90
2021,4,male,90,138,202,Q50,117
2021,4,male,90,138,202,Q75,138
2021,4,male,90,138,202,Q90,138
2021,4,male,90,138,202,Q95,138
2021,4,male,90,138,202,Q99,138
2021,5,male,19,140,395,Q1,19
2021,5,male,19,140,395,Q5,19
2021,5,male,19,140,395,Q10,50
2021,5,male,19,140,395,Q25,50
2021,5,male,19,140,395,Q50,76
2021,5,male,19,140,395,Q75,103
2021,5,male,19,140,395,Q90,140
2021,5,male,19,140,395,Q95,140
2021,5,male,19,140,395,Q99,140
2021,6,male,21,166,537,Q1,21
2021,6,male,21,166,537,Q5,21
2021,6,male,21,166,537,Q10,41.4000000000001
2021,6,male,21,166,537,Q25,82
2021,6,male,21,166,537,Q50,110
2021,6,male,21,166,537,Q75,147
2021,6,male,21,166,537,Q90,166
2021,6,male,21,166,537,Q95,166
2021,6,male,21,166,537,Q99,166
2021,7,male,21,166,92,Q1,21
2021,7,male,21,166,92,Q5,21
2021,7,male,21,166,92,Q10,21
2021,7,male,21,166,92,Q25,55
2021,7,male,21,166,92,Q50,96
2021,7,male,21,166,92,Q75,147
2021,7,male,21,166,92,Q90,147
2021,7,male,21,166,92,Q95,155.55
2021,7,male,21,166,92,Q99,166
2021,8,male,26,152,221,Q1,68
2021,8,male,26,152,221,Q5,68
2021,8,male,26,152,221,Q10,68
2021,8,male,26,152,221,Q25,68
2021,8,male,26,152,221,Q50,106
2021,8,male,26,152,221,Q75,152
2021,8,male,26,152,221,Q90,152
2021,8,male,26,152,221,Q95,152
2021,8,male,26,152,221,Q99,152
2021,9_200,male,20,138,70,Q1,20
2021,9_200,male,20,138,70,Q5,33.5
2021,9_200,male,20,138,70,Q10,50
2021,9_200,male,20,138,70,Q25,83
2021,9_200,male,20,138,70,Q50,98
2021,9_200,male,20,138,70,Q75,98
2021,9_200,male,20,138,70,Q90,138
2021,9_200,male,20,138,70,Q95,138
2021,9_200,male,20,138,70,Q99,138
2021,10_214,female,20,138,9,Q1,22.4
2021,10_214,female,20,138,9,Q5,32
2021,10_214,female,20,138,9,Q10,44
2021,10_214,female,20,138,9,Q25,98
2021,10_214,female,20,138,9,Q50,138
2021,10_214,female,20,138,9,Q75,138
2021,10_214,female,20,138,9,Q90,138
2021,10_214,female,20,138,9,Q95,138
2021,10_214,female,20,138,9,Q99,138
2021,11_216,female,20,138,39,Q1,50
2021,11_216,female,20,138,39,Q5,50
2021,11_216,female,20,138,39,Q10,50
2021,11_216,female,20,138,39,Q25,83
2021,11_216,female,20,138,39,Q50,98
2021,11_216,female,20,138,39,Q75,118
2021,11_216,female,20,138,39,Q90,138
2021,11_216,female,20,138,39,Q95,138
2021,11_216,female,20,138,39,Q99,138
2021,1b,female,25,146,181,Q1,25
2021,1b,female,25,146,181,Q5,57
2021,1b,female,25,146,181,Q10,57
2021,1b,female,25,146,181,Q25,98
2021,1b,female,25,146,181,Q50,125
2021,1b,female,25,146,181,Q75,146
2021,1b,female,25,146,181,Q90,146
2021,1b,female,25,146,181,Q95,146
2021,1b,female,25,146,181,Q99,146
2021,2,female,36,161,49,Q1,84.8
2021,2,female,36,161,49,Q5,117.8
2021,2,female,36,161,49,Q10,140
2021,2,female,36,161,49,Q25,140
2021,2,female,36,161,49,Q50,161
2021,2,female,36,161,49,Q75,161
2021,2,female,36,161,49,Q90,161
2021,2,female,36,161,49,Q95,161
2021,2,female,36,161,49,Q99,161
2021,4,female,90,138,202,Q1,90
2021,4,female,90,138,202,Q5,90
2021,4,female,90,138,202,Q10,90
2021,4,female,90,138,202,Q25,90
2021,4,female,90,138,202,Q50,117
2021,4,female,90,138,202,Q75,138
2021,4,female,90,138,202,Q90,138
2021,4,female,90,138,202,Q95,138
2021,4,female,90,138,202,Q99,138
2021,5,female,19,140,395,Q1,19
2021,5,female,19,140,395,Q5,19
2021,5,female,19,140,395,Q10,50
2021,5,female,19,140,395,Q25,50
2021,5,female,19,140,395,Q50,76
2021,5,female,19,140,395,Q75,103
2021,5,female,19,140,395,Q90,140
2021,5,female,19,140,395,Q95,140
2021,5,female,19,140,395,Q99,140
2021,6,female,21,166,537,Q1,21
2021,6,female,21,166,537,Q5,21
2021,6,female,21,166,537,Q10,41.4000000000001
2021,6,female,21,166,537,Q25,82
2021,6,female,21,166,537,Q50,110
2021,6,female,21,166,537,Q75,147
2021,6,female,21,166,537,Q90,166
2021,6,female,21,166,537,Q95,166
2021,6,female,21,166,537,Q99,166
2021,7,female,21,166,92,Q1,21
2021,7,female,21,166,92,Q5,21
2021,7,female,21,166,92,Q10,21
2021,7,female,21,166,92,Q25,55
2021,7,female,21,166,92,Q50,96
2021,7,female,21,166,92,Q75,147
2021,7,female,21,166,92,Q90,147
2021,7,female,21,166,92,Q95,155.55
2021,7,female,21,166,92,Q99,166
2021,8,female,26,152,221,Q1,68
2021,8,female,26,152,221,Q5,68
2021,8,female,26,152,221,Q10,68
2021,8,female,26,152,221,Q25,68
2021,8,female,26,152,221,Q50,106
2021,8,female,26,152,221,Q75,152
2021,8,female,26,152,221,Q90,152
2021,8,female,26,152,221,Q95,152
2021,8,female,26,152,221,Q99,152
2021,9_200,female,20,138,70,Q1,20
2021,9_200,female,20,138,70,Q5,33.5
2021,9_200,female,20,138,70,Q10,50
2021,9_200,female,20,138,70,Q25,83
2021,9_200,female,20,138,70,Q50,98
2021,9_200,female,20,138,70,Q75,98
2021,9_200,female,20,138,70,Q90,138
2021,9_200,female,20,138,70,Q95,138
2021,9_200,female,20,138,70,Q99,138
